"Name","p1_head","p1_eye","p1_mouth","p1_body","p1_r_arm_up","p1_r_arm_low","p1_r_hand","p1_l_arm_up","p1_l_arm_low","p1_l_hand","p1_r_leg","p1_r_foot","p1_l_leg","p1_l_foot","p1_main_weapon","p1_sub_weapon","p2_head","p2_eye","p2_mouth","p2_body","p2_r_arm_up","p2_r_arm_low","p2_r_hand","p2_l_arm_up","p2_l_arm_low","p2_l_hand","p2_r_leg","p2_r_foot","p2_l_leg","p2_l_foot","p2_main_weapon","p2_sub_weapon","effect_1","effect_2","dmg_effect_1","dmg_effect_2","special_1","special_2","special_3","special_4","special_5","size","frame_property","animation_property"
"Human_Default/0","Human,back,head,100.0,94.5,0.0,0.0,5.0,1.0","1.0","1.0","Human,back,body,100.0,119.5,0.0,0.0,6.0,1.0","Human,back,arm_up,88.5,115.5,0.0,0.0,7.0,1.0","Human,back,arm_low,88.5,126.5,0.0,0.0,3.0,1.0","Human,back,fist,88.5,134.0,0.0,0.0,1.0,1.0","Human,back,arm_up,113.0,115.5,0.0,1.0,13.0,1.0","Human,back,arm_low,113.5,126.0,0.0,0.0,12.0,1.0","Human,back,fist,113.0,134.0,-180.0,0.0,11.0,1.0","Human,back,leg,94.0,137.5,0.0,0.0,7.0,1.0","Human,back,foot,94.0,150.5,0.0,0.0,8.0,1.0","Human,back,leg,106.5,137.0,0.0,0.0,9.0,1.0","Human,back,foot,106.0,150.0,0.0,0.0,10.0,1.0","back,base,87.0,144.5,-1.5275254422129336,0.0,1.0,1.0","0","0","1.0","1.0","0","0","0","0","0","0","0","0","0","0","0","0","0","0","0","0","0","0","0","0","0","0","1.0","",""
"Human_1hand_Idle/0","Human,back,head,100.5,96.0,0.0,0.0,5.0,1.0","1.0","1.0","Human,back,body,100.0,119.5,0.0,0.0,6.0,1.0","Human,back,arm_up,88.5,115.5,0.0,0.0,6.0,1.0","Human,back,arm_low,88.5,126.5,0.0,0.0,3.0,1.0","Human,back,fist,88.5,134.0,0.0,0.0,1.0,1.0","Human,back,arm_up,113.0,115.5,0.0,1.0,13.0,1.0","Human,back,arm_low,113.5,126.0,0.0,0.0,12.0,1.0","Human,back,fist,113.0,134.0,-180.0,0.0,11.0,1.0","Human,back,leg,94.0,137.0,0.0,0.0,7.0,1.0","Human,back,foot,94.0,151.0,0.0,0.0,8.0,1.0","Human,back,leg,106.5,137.0,0.0,0.0,9.0,1.0","Human,back,foot,106.0,151.0,0.0,0.0,10.0,1.0","back,base,87.0,144.5,-1.5275254422129336,0.0,1.0,1.0","back,base,113.0,145.5,0.0,0.0,0.0,1.0","0","1.0","1.0","0","0","0","0","0","0","0","0","0","0","0","0","0","0","0","0","0","0","0","0","0","0","1.0","",""
"Human_1hand_Run/0","Human,back,head,100.5,96.5,0.0,0.0,5.0,1.0","1.0","1.0","Human,back,body,100.0,119.5,0.0,0.0,6.0,1.0","Human,back,arm_up,88.0,115.5,-11.976132444203358,0.0,6.0,0.7","Human,back,arm_low,87.0,122.5,-10.804394597539243,0.0,3.0,0.7","Human,back,fist,87.0,127.5,0.0,0.0,2.0,0.7","Human,back,arm_up,113.0,116.0,9.86580694308438,1.0,13.0,0.9","Human,back,arm_low,113.0,127.0,0.9710219310791786,0.0,12.0,1.0","Human,back,fist,114.5,134.0,-180.0,0.0,11.0,1.0","Human,back,leg,94.0,135.0,0.0,0.0,5.0,1.0","Human,back,foot,94.0,147.0,0.0,0.0,8.0,1.0","Human,back,leg,106.5,137.5,0.0,0.0,6.0,1.0","Human,back,foot,106.0,148.5,0.0,0.0,6.0,1.0","back,base,85.5,135.0,-7.823710731885257,0.0,1.0,0.8","back,top,114.0,135.0,5.194428907734803,0.0,0.0,1.0","0","1.0","1.0","0","0","0","0","0","0","0","0","0","0","0","0","0","0","0","0","0","0","0","0","0","0","1.0","",""
"Human_1hand_Run/1","Human,back,head,100.5,97.0,0.0,0.0,5.0,1.0","1.0","1.0","Human,back,body,100.0,119.5,0.0,0.0,6.0,1.0","Human,back,arm_up,87.0,116.0,0.0,0.0,6.0,0.9","Human,back,arm_low,87.0,123.5,0.0,0.0,3.0,0.9","Human,back,fist,87.0,128.0,0.0,0.0,2.0,0.9","Human,back,arm_up,112.0,115.0,14.036243467926482,1.0,11.0,0.7","Human,back,arm_low,113.0,123.0,13.020767305624688,0.0,14.0,0.8","Human,back,fist,115.5,130.5,-180.0,0.0,11.0,0.8","Human,back,leg,94.0,134.0,0.0,0.0,5.0,1.0","Human,back,foot,94.0,144.0,0.0,0.0,3.0,1.0","Human,back,leg,106.5,130.0,0.0,0.0,8.0,1.0","Human,back,foot,106.0,140.5,0.0,0.0,10.0,1.0","back,base,89.0,119.0,176.24827092947402,0.0,1.0,0.8","back,base,115.0,136.5,6.21182202900917,0.0,0.0,0.7","0","1.0","1.0","0","0","0","0","0","0","0","0","0","0","0","0","0","0","0","0","0","0","0","0","0","0","1.0","",""
"Human_1hand_Run/2","Human,back,head,100.5,96.0,0.0,0.0,5.0,1.0","1.0","1.0","Human,back,body,100.0,119.5,0.0,0.0,6.0,1.0","Human,back,arm_up,88.5,115.5,0.0,0.0,6.0,1.0","Human,back,arm_low,88.5,125.0,0.0,0.0,3.0,1.0","Human,back,fist,88.5,132.5,0.0,0.0,1.0,1.0","Human,back,arm_up,113.5,115.5,9.86580694308438,1.0,13.0,0.9","Human,back,arm_low,113.5,125.0,3.8785245028477107,0.0,12.0,0.9","Human,back,fist,114.0,131.5,-180.0,0.0,11.0,0.9","Human,back,leg,94.0,136.5,0.0,0.0,7.0,1.0","Human,back,foot,94.0,149.0,0.0,0.0,8.0,1.0","Human,back,leg,106.5,135.5,0.0,0.0,6.0,1.0","Human,back,foot,106.0,148.5,0.0,0.0,6.0,1.0","back,top,88.0,131.0,-1.5275254422129336,0.0,1.0,0.8","back,base,114.5,140.5,-1.3859178508121772,0.0,0.0,0.9","0","1.0","1.0","0","0","0","0","0","0","0","0","0","0","0","0","0","0","0","0","0","0","0","0","0","0","1.0","",""
"Human_1hand_Run/3","Human,back,head,100.5,97.5,0.0,0.0,5.0,1.0","1.0","1.0","Human,back,body,100.0,121.5,0.0,0.0,6.0,1.0","Human,back,arm_up,88.5,115.5,-12.724355685422367,0.0,6.0,0.6","Human,back,arm_low,87.0,121.5,-7.1992336383676445,0.0,3.0,0.6","Human,back,fist,87.0,125.0,0.0,0.0,2.0,0.6","Human,back,arm_up,113.0,116.0,9.86580694308438,1.0,13.0,0.9","Human,back,arm_low,113.0,124.5,0.9710219310791786,0.0,12.0,1.0","Human,back,fist,114.5,131.0,-180.0,0.0,11.0,1.0","Human,back,leg,94.0,134.5,0.0,0.0,7.0,1.0","Human,back,foot,94.0,143.5,0.0,0.0,8.0,1.0","Human,back,leg,106.5,137.5,0.0,0.0,6.0,1.0","Human,back,foot,106.0,146.5,0.0,0.0,6.0,1.0","back,base,86.5,131.5,-7.961750891008094,0.0,1.0,0.6","back,base,113.0,119.5,-175.5251034937539,0.0,0.0,1.0","0","1.0","1.0","0","0","0","0","0","0","0","0","0","0","0","0","0","0","0","0","0","0","0","0","0","0","1.0","",""
"Human_1hand_Walk/0","Human,back,head,100.5,95.0,0.0,0.0,5.0,1.0","1.0","1.0","Human,back,body,100.0,119.5,0.0,0.0,6.0,1.0","Human,back,arm_up,88.5,115.5,0.0,0.0,4.0,0.7","Human,back,arm_low,88.5,123.0,0.0,0.0,3.0,0.7","Human,back,fist,88.5,127.5,0.0,0.0,2.0,0.7","Human,back,arm_up,113.0,116.0,9.86580694308438,1.0,13.0,0.9","Human,back,arm_low,113.0,127.0,0.9710219310791786,0.0,12.0,1.0","Human,back,fist,114.5,134.0,-180.0,0.0,11.0,1.0","Human,back,leg,94.0,137.0,0.0,0.0,7.0,1.0","Human,back,foot,94.0,149.0,0.0,0.0,8.0,1.0","Human,back,leg,106.5,137.5,0.0,0.0,6.0,1.0","Human,back,foot,106.0,149.5,0.0,0.0,6.0,1.0","back,base,88.0,136.0,-1.5275254422129336,0.0,1.0,0.8","back,top,114.0,135.0,4.864514437760533,0.0,0.0,1.0","0","1.0","1.0","0","0","0","0","0","0","0","0","0","0","0","0","0","0","0","0","0","0","0","0","0","0","1.0","",""
"Human_1hand_Walk/1","Human,back,head,100.5,96.5,0.0,0.0,5.0,1.0","1.0","1.0","Human,back,body,100.0,119.5,0.0,0.0,6.0,1.0","Human,back,arm_up,87.0,116.0,0.0,0.0,4.0,0.9","Human,back,arm_low,87.0,123.5,0.0,0.0,3.0,0.9","Human,back,fist,87.0,128.0,0.0,0.0,2.0,0.9","Human,back,arm_up,112.0,115.0,9.86580694308438,1.0,11.0,0.8","Human,back,arm_low,112.0,125.0,0.9710219310791786,0.0,14.0,0.9","Human,back,fist,113.5,131.0,-180.0,0.0,11.0,0.9","Human,back,leg,94.0,136.0,0.0,0.0,7.0,1.0","Human,back,foot,94.0,147.0,0.0,0.0,8.0,1.0","Human,back,leg,106.5,136.5,0.0,0.0,6.0,1.0","Human,back,foot,106.0,145.5,0.0,0.0,6.0,1.0","back,base,89.0,119.0,176.24827092947402,0.0,1.0,0.8","back,top,113.0,132.5,4.441241189432816,0.0,0.0,0.9","0","1.0","1.0","0","0","0","0","0","0","0","0","0","0","0","0","0","0","0","0","0","0","0","0","0","0","1.0","",""
"Human_1hand_Walk/2","Human,back,head,100.5,95.0,0.0,0.0,5.0,1.0","1.0","1.0","Human,back,body,100.0,119.5,0.0,0.0,6.0,1.0","Human,back,arm_up,88.5,115.5,0.0,0.0,4.0,1.0","Human,back,arm_low,88.5,125.0,0.0,0.0,3.0,1.0","Human,back,fist,88.5,132.5,0.0,0.0,1.0,1.0","Human,back,arm_up,113.5,115.5,9.86580694308438,1.0,13.0,0.9","Human,back,arm_low,113.5,125.0,3.8785245028477107,0.0,12.0,0.9","Human,back,fist,114.0,131.5,-180.0,0.0,11.0,0.9","Human,back,leg,94.0,137.0,0.0,0.0,7.0,1.0","Human,back,foot,94.0,149.0,0.0,0.0,8.0,1.0","Human,back,leg,106.5,137.5,0.0,0.0,6.0,1.0","Human,back,foot,106.0,149.5,0.0,0.0,6.0,1.0","back,top,88.0,131.0,-1.5275254422129336,0.0,1.0,0.8","back,base,114.5,140.5,-1.3859178508121772,0.0,0.0,0.9","0","1.0","1.0","0","0","0","0","0","0","0","0","0","0","0","0","0","0","0","0","0","0","0","0","0","0","1.0","",""
"Human_1hand_Walk/3","Human,back,head,100.5,96.0,0.0,0.0,5.0,1.0","1.0","1.0","Human,back,body,100.0,119.5,0.0,0.0,6.0,1.0","Human,back,arm_up,88.5,115.5,0.0,0.0,6.0,1.0","Human,back,arm_low,88.5,126.5,0.0,0.0,3.0,1.0","Human,back,fist,88.5,134.0,0.0,0.0,1.0,1.0","Human,back,arm_up,113.0,117.5,9.86580694308438,1.0,13.0,1.1","Human,back,arm_low,113.0,127.0,0.9710219310791786,0.0,12.0,1.2","Human,back,fist,114.5,134.0,-180.0,0.0,11.0,1.2","Human,back,leg,94.0,135.0,0.0,0.0,4.0,1.0","Human,back,foot,94.0,146.5,0.0,0.0,3.0,1.0","Human,back,leg,106.5,135.0,0.0,0.0,9.0,1.0","Human,back,foot,106.0,148.0,0.0,0.0,10.0,1.0","back,base,87.0,144.5,-1.5275254422129336,0.0,1.0,1.0","back,base,116.0,124.0,173.21102542556122,0.0,0.0,0.9","0","1.0","1.0","0","0","0","0","0","0","0","0","0","0","0","0","0","0","0","0","0","0","0","0","0","0","1.0","",""
"Human_2hand_Idle/0","Human,back,head,100.5,96.5,0.0,0.0,5.0,1.0","1.0","1.0","Human,back,body,100.0,119.5,0.0,0.0,6.0,1.0","Human,back,arm_up,88.5,116.0,11.768288932020653,0.0,6.0,1.0","Human,back,arm_low,93.5,123.0,85.34664841273161,0.0,3.0,1.0","Human,back,fist,98.5,123.0,86.30861401354872,0.0,1.0,1.0","Human,back,arm_up,111.5,117.0,-14.300277449185586,1.0,6.0,1.0","Human,back,arm_low,105.5,126.0,-58.44861505168652,0.0,6.0,1.0","Human,back,fist,98.5,128.0,-2.83878784100537,0.0,1.0,1.0","Human,back,leg,94.0,137.0,0.0,0.0,7.0,1.0","Human,back,foot,94.0,151.0,0.0,0.0,8.0,1.0","Human,back,leg,106.5,137.0,0.0,0.0,9.0,1.0","Human,back,foot,106.0,151.0,0.0,0.0,10.0,1.0","back,base,102.5,100.0,171.57303097851934,0.0,2.0,1.0","back,front,95.0,116.5,33.11134196037203,0.0,15.0,1.0","0","1.0","1.0","0","0","0","0","0","0","0","0","0","0","0","0","0","0","0","0","0","0","0","0","0","0","1.0","",""
"Human_2hand_Run/0","Human,back,head,100.5,96.5,0.0,0.0,5.0,1.0","1.0","1.0","Human,back,body,100.0,119.5,0.0,0.0,6.0,1.0","Human,back,arm_up,89.0,116.0,11.768288932020653,0.0,6.0,1.0","Human,back,arm_low,93.5,123.0,85.34664841273161,0.0,3.0,1.0","Human,back,fist,98.5,123.0,86.30861401354872,0.0,1.0,1.0","Human,back,arm_up,111.5,117.0,-14.300277449185586,1.0,6.0,1.0","Human,back,arm_low,105.5,126.0,-58.44861505168652,0.0,6.0,1.0","Human,back,fist,98.5,128.0,-2.83878784100537,0.0,1.0,1.0","Human,back,leg,94.0,135.0,0.0,0.0,5.0,1.0","Human,back,foot,94.0,147.0,0.0,0.0,8.0,1.0","Human,back,leg,106.5,137.5,0.0,0.0,6.0,1.0","Human,back,foot,106.0,148.5,0.0,0.0,6.0,1.0","back,base,102.5,100.0,171.57303097851934,0.0,2.0,1.0","back,front,95.0,116.5,33.11134196037203,0.0,15.0,1.0","0","1.0","1.0","0","0","0","0","0","0","0","0","0","0","0","0","0","0","0","0","0","0","0","0","0","0","1.0","",""
"Human_2hand_Run/1","Human,back,head,100.5,97.5,0.0,0.0,5.0,1.0","1.0","1.0","Human,back,body,100.0,119.5,0.0,0.0,6.0,1.0","Human,back,arm_up,89.0,118.0,-17.300527191945008,0.0,6.0,1.0","Human,back,arm_low,91.5,125.5,56.30993247402023,0.0,3.0,1.0","Human,back,fist,98.5,126.0,86.30861401354872,0.0,1.0,1.0","Human,back,arm_up,111.5,119.0,-12.9946167919165,1.0,6.0,1.0","Human,back,arm_low,106.0,127.5,-58.44861505168652,0.0,6.0,1.0","Human,back,fist,98.0,131.0,-2.83878784100537,0.0,1.0,1.0","Human,back,leg,94.0,134.0,0.0,0.0,5.0,1.0","Human,back,foot,94.0,144.0,0.0,0.0,3.0,1.0","Human,back,leg,106.5,130.0,0.0,0.0,8.0,1.0","Human,back,foot,106.0,140.5,0.0,0.0,10.0,1.0","back,base,103.5,104.0,166.5587951629014,0.0,2.0,1.0","back,front,96.0,117.5,40.43677024576215,0.0,15.0,1.0","0","1.0","1.0","0","0","0","0","0","0","0","0","0","0","0","0","0","0","0","0","0","0","0","0","0","0","1.0","",""
"Human_2hand_Run/2","Human,back,head,100.5,96.0,0.0,0.0,5.0,1.0","1.0","1.0","Human,back,body,100.0,119.5,0.0,0.0,6.0,1.0","Human,back,arm_up,89.0,116.0,11.768288932020653,0.0,6.0,1.0","Human,back,arm_low,93.5,123.0,85.34664841273161,0.0,3.0,1.0","Human,back,fist,98.5,123.0,86.30861401354872,0.0,1.0,1.0","Human,back,arm_up,111.5,117.0,-14.300277449185586,1.0,6.0,1.0","Human,back,arm_low,105.5,126.0,-58.44861505168652,0.0,6.0,1.0","Human,back,fist,98.5,128.0,-2.83878784100537,0.0,1.0,1.0","Human,back,leg,94.0,136.5,0.0,0.0,7.0,1.0","Human,back,foot,94.0,149.0,0.0,0.0,8.0,1.0","Human,back,leg,106.5,135.5,0.0,0.0,6.0,1.0","Human,back,foot,106.0,148.5,0.0,0.0,6.0,1.0","back,base,102.5,100.0,171.57303097851934,0.0,2.0,1.0","back,front,95.0,116.5,33.11134196037203,0.0,15.0,1.0","0","1.0","1.0","0","0","0","0","0","0","0","0","0","0","0","0","0","0","0","0","0","0","0","0","0","0","1.0","",""
"Human_2hand_Run/3","Human,back,head,100.5,97.5,0.0,0.0,5.0,1.0","1.0","1.0","Human,back,body,100.0,121.5,0.0,0.0,6.0,1.0","Human,back,arm_up,90.0,118.0,34.26733544334421,0.0,6.0,1.0","Human,back,arm_low,95.5,124.0,53.25252904713611,0.0,3.0,1.0","Human,back,fist,99.0,124.0,7.463494459985341,0.0,1.0,1.0","Human,back,arm_up,112.5,118.0,10.407711312490065,1.0,6.0,1.0","Human,back,arm_low,107.0,126.0,-58.44861505168652,0.0,6.0,1.0","Human,back,fist,100.0,128.5,8.81522102322316,0.0,1.0,1.0","Human,back,leg,94.0,134.5,0.0,0.0,7.0,1.0","Human,back,foot,94.0,143.5,0.0,0.0,8.0,1.0","Human,back,leg,106.5,137.5,0.0,0.0,6.0,1.0","Human,back,foot,106.0,146.5,0.0,0.0,6.0,1.0","back,base,96.5,100.0,-171.86989764584405,0.0,2.0,1.0","back,front,97.0,119.0,28.375521856035036,0.0,15.0,1.0","0","1.0","1.0","0","0","0","0","0","0","0","0","0","0","0","0","0","0","0","0","0","0","0","0","0","0","1.0","",""
"Human_2hand_Walk/0","Human,back,head,100.5,96.0,0.0,0.0,5.0,1.0","1.0","1.0","Human,back,body,100.0,119.5,0.0,0.0,6.0,1.0","Human,back,arm_up,89.0,116.0,11.768288932020653,0.0,6.0,1.0","Human,back,arm_low,93.5,123.0,85.34664841273161,0.0,3.0,1.0","Human,back,fist,98.5,123.0,86.30861401354872,0.0,1.0,1.0","Human,back,arm_up,111.5,117.0,-14.300277449185586,1.0,6.0,1.0","Human,back,arm_low,105.5,126.0,-58.44861505168652,0.0,6.0,1.0","Human,back,fist,98.5,128.0,-2.83878784100537,0.0,1.0,1.0","Human,back,leg,94.0,137.0,0.0,0.0,7.0,1.0","Human,back,foot,94.0,149.0,0.0,0.0,8.0,1.0","Human,back,leg,106.5,137.5,0.0,0.0,6.0,1.0","Human,back,foot,106.0,149.5,0.0,0.0,6.0,1.0","back,base,102.5,100.0,171.57303097851934,0.0,2.0,1.0","back,front,95.0,116.5,33.11134196037203,0.0,15.0,1.0","0","1.0","1.0","0","0","0","0","0","0","0","0","0","0","0","0","0","0","0","0","0","0","0","0","0","0","1.0","",""
"Human_2hand_Walk/1","Human,back,head,100.5,97.0,0.0,0.0,5.0,1.0","1.0","1.0","Human,back,body,100.0,119.5,0.0,0.0,6.0,1.0","Human,back,arm_up,89.5,117.0,-3.2245226065198977,0.0,6.0,1.0","Human,back,arm_low,91.0,123.0,85.34664841273161,0.0,3.0,1.0","Human,back,fist,98.5,123.0,86.30861401354872,0.0,1.0,1.0","Human,back,arm_up,111.5,117.0,-20.095231191904816,1.0,6.0,1.0","Human,back,arm_low,104.0,126.0,-58.44861505168652,0.0,6.0,1.0","Human,back,fist,97.5,128.0,-2.83878784100537,0.0,1.0,1.0","Human,back,leg,94.0,136.0,0.0,0.0,7.0,1.0","Human,back,foot,94.0,147.0,0.0,0.0,8.0,1.0","Human,back,leg,106.5,136.5,0.0,0.0,6.0,1.0","Human,back,foot,106.0,145.5,0.0,0.0,6.0,1.0","back,base,102.0,101.0,167.07400087529405,0.0,2.0,1.0","back,front,95.0,116.5,33.11134196037203,0.0,15.0,1.0","0","1.0","1.0","0","0","0","0","0","0","0","0","0","0","0","0","0","0","0","0","0","0","0","0","0","0","1.0","",""
"Human_2hand_Walk/2","Human,back,head,100.5,96.5,0.0,0.0,5.0,1.0","1.0","1.0","Human,back,body,100.0,119.5,0.0,0.0,6.0,1.0","Human,back,arm_up,89.0,116.0,11.768288932020653,0.0,6.0,1.0","Human,back,arm_low,93.5,123.0,85.34664841273161,0.0,3.0,1.0","Human,back,fist,98.5,123.0,86.30861401354872,0.0,1.0,1.0","Human,back,arm_up,111.5,117.0,-14.300277449185586,1.0,6.0,1.0","Human,back,arm_low,105.5,126.0,-58.44861505168652,0.0,6.0,1.0","Human,back,fist,98.5,128.0,-2.83878784100537,0.0,1.0,1.0","Human,back,leg,94.0,137.0,0.0,0.0,7.0,1.0","Human,back,foot,94.0,149.0,0.0,0.0,8.0,1.0","Human,back,leg,106.5,137.5,0.0,0.0,6.0,1.0","Human,back,foot,106.0,149.5,0.0,0.0,6.0,1.0","back,base,102.5,100.0,171.57303097851934,0.0,2.0,1.0","back,front,95.0,116.5,33.11134196037203,0.0,15.0,1.0","0","1.0","1.0","0","0","0","0","0","0","0","0","0","0","0","0","0","0","0","0","0","0","0","0","0","0","1.0","",""
"Human_2hand_Walk/3","Human,back,head,100.5,97.5,0.0,0.0,5.0,1.0","1.0","1.0","Human,back,body,100.0,119.5,0.0,0.0,6.0,1.0","Human,back,arm_up,89.0,117.0,12.425942865427487,0.0,6.0,1.0","Human,back,arm_low,94.0,123.0,85.34664841273161,0.0,3.0,1.0","Human,back,fist,98.5,123.0,86.30861401354872,0.0,1.0,1.0","Human,back,arm_up,111.5,117.0,-7.2531946127253235,1.0,6.0,1.0","Human,back,arm_low,106.5,126.0,-58.44861505168652,0.0,6.0,1.0","Human,back,fist,99.0,128.0,-2.83878784100537,0.0,1.0,1.0","Human,back,leg,94.0,135.0,0.0,0.0,4.0,1.0","Human,back,foot,94.0,146.5,0.0,0.0,3.0,1.0","Human,back,leg,106.5,135.0,0.0,0.0,9.0,1.0","Human,back,foot,106.0,148.0,0.0,0.0,10.0,1.0","back,base,100.0,100.0,176.6661493384634,0.0,2.0,1.0","back,front,95.0,116.5,33.11134196037203,0.0,15.0,1.0","0","1.0","1.0","0","0","0","0","0","0","0","0","0","0","0","0","0","0","0","0","0","0","0","0","0","0","1.0","",""
"Human_2pole_Idle/0","Human,back,head,100.5,96.0,0.0,0.0,5.0,1.0","1.0","1.0","Human,back,body,100.0,119.5,0.0,0.0,6.0,1.0","Human,back,arm_up,89.0,116.0,11.768288932020653,0.0,6.0,1.0","Human,back,arm_low,94.0,126.0,39.936383146969916,0.0,3.0,1.0","Human,back,fist,98.0,131.5,21.068974931931223,0.0,1.0,1.0","Human,back,arm_up,109.5,117.0,-26.56505117707799,1.0,5.0,1.0","Human,back,arm_low,103.0,122.0,-87.03176597012829,0.0,6.0,1.0","Human,back,fist,97.0,123.5,99.46232220802563,0.0,1.0,1.0","Human,back,leg,94.0,137.0,0.0,0.0,7.0,1.0","Human,back,foot,94.0,151.0,0.0,0.0,8.0,1.0","Human,back,leg,106.5,137.0,0.0,0.0,9.0,1.0","Human,back,foot,106.0,151.0,0.0,0.0,10.0,1.0","back,base,90.5,96.0,-166.86597769360367,0.0,2.0,1.0","back,front,95.0,116.5,33.11134196037203,0.0,15.0,1.0","0","1.0","1.0","0","0","0","0","0","0","0","0","0","0","0","0","0","0","0","0","0","0","0","0","0","0","1.0","",""
"Human_2pole_Run/0","Human,back,head,100.5,96.5,0.0,0.0,5.0,1.0","1.0","1.0","Human,back,body,100.0,119.5,0.0,0.0,6.0,1.0","Human,back,arm_up,89.0,116.0,11.768288932020653,0.0,6.0,1.0","Human,back,arm_low,94.0,126.0,39.936383146969916,0.0,3.0,1.0","Human,back,fist,98.0,131.5,21.068974931931223,0.0,1.0,1.0","Human,back,arm_up,109.5,117.0,-26.56505117707799,1.0,6.0,1.0","Human,back,arm_low,103.0,122.0,-87.03176597012829,0.0,6.0,1.0","Human,back,fist,97.0,123.5,99.46232220802563,0.0,1.0,1.0","Human,back,leg,94.0,135.0,0.0,0.0,5.0,1.0","Human,back,foot,94.0,147.0,0.0,0.0,8.0,1.0","Human,back,leg,106.5,137.5,0.0,0.0,6.0,1.0","Human,back,foot,106.0,148.5,0.0,0.0,6.0,1.0","back,base,90.5,96.0,-166.86597769360367,0.0,2.0,1.0","back,front,95.0,116.5,33.11134196037203,0.0,15.0,1.0","0","1.0","1.0","0","0","0","0","0","0","0","0","0","0","0","0","0","0","0","0","0","0","0","0","0","0","1.0","",""
"Human_2pole_Run/1","Human,back,head,100.5,98.0,0.0,0.0,5.0,1.0","1.0","1.0","Human,back,body,100.0,119.5,0.0,0.0,6.0,1.0","Human,back,arm_up,90.5,119.5,17.300527191945008,0.0,6.0,1.0","Human,back,arm_low,95.0,127.5,39.936383146969916,0.0,3.0,1.0","Human,back,fist,100.0,132.5,21.068974931931223,0.0,1.0,1.0","Human,back,arm_up,111.5,118.0,12.475109712208962,1.0,6.0,1.0","Human,back,arm_low,106.0,123.0,-87.03176597012829,0.0,6.0,1.0","Human,back,fist,98.5,124.5,99.46232220802563,0.0,1.0,1.0","Human,back,leg,94.0,134.0,0.0,0.0,5.0,1.0","Human,back,foot,94.0,144.0,0.0,0.0,3.0,1.0","Human,back,leg,106.5,130.0,0.0,0.0,8.0,1.0","Human,back,foot,106.0,140.5,0.0,0.0,10.0,1.0","back,base,94.0,96.0,-170.8628489858613,0.0,2.0,1.0","back,front,96.5,118.5,43.43777508315762,0.0,15.0,1.0","0","1.0","1.0","0","0","0","0","0","0","0","0","0","0","0","0","0","0","0","0","0","0","0","0","0","0","1.0","",""
"Human_2pole_Run/2","Human,back,head,100.5,97.0,0.0,0.0,5.0,1.0","1.0","1.0","Human,back,body,100.0,119.5,0.0,0.0,6.0,1.0","Human,back,arm_up,89.0,116.0,11.768288932020653,0.0,6.0,1.0","Human,back,arm_low,94.0,126.0,39.936383146969916,0.0,3.0,1.0","Human,back,fist,98.0,131.5,21.068974931931223,0.0,1.0,1.0","Human,back,arm_up,109.5,117.0,-26.56505117707799,1.0,6.0,1.0","Human,back,arm_low,103.0,122.0,-87.03176597012829,0.0,6.0,1.0","Human,back,fist,97.0,123.5,99.46232220802563,0.0,1.0,1.0","Human,back,leg,94.0,136.5,0.0,0.0,7.0,1.0","Human,back,foot,94.0,149.0,0.0,0.0,8.0,1.0","Human,back,leg,106.5,135.5,0.0,0.0,6.0,1.0","Human,back,foot,106.0,148.5,0.0,0.0,6.0,1.0","back,base,93.5,94.5,-172.61395684873273,0.0,2.0,1.0","back,front,95.0,116.5,33.11134196037203,0.0,15.0,1.0","0","1.0","1.0","0","0","0","0","0","0","0","0","0","0","0","0","0","0","0","0","0","0","0","0","0","0","1.0","",""
"Human_2pole_Run/3","Human,back,head,100.5,98.5,0.0,0.0,5.0,1.0","1.0","1.0","Human,back,body,100.0,121.5,0.0,0.0,6.0,1.0","Human,back,arm_up,88.0,117.5,-16.090816348852172,0.0,6.0,1.0","Human,back,arm_low,91.0,126.0,50.63068275763524,0.0,3.0,1.0","Human,back,fist,97.0,130.0,21.068974931931223,0.0,1.0,1.0","Human,back,arm_up,109.5,117.0,-26.56505117707799,1.0,6.0,1.0","Human,back,arm_low,103.0,122.0,-87.03176597012829,0.0,6.0,1.0","Human,back,fist,97.0,123.5,99.46232220802563,0.0,1.0,1.0","Human,back,leg,94.0,134.5,0.0,0.0,7.0,1.0","Human,back,foot,94.0,143.5,0.0,0.0,8.0,1.0","Human,back,leg,106.5,137.5,0.0,0.0,6.0,1.0","Human,back,foot,106.0,146.5,0.0,0.0,6.0,1.0","back,base,94.5,95.0,-174.54608111140874,0.0,2.0,1.0","back,front,95.5,119.5,17.24145939893998,0.0,15.0,1.0","0","1.0","1.0","0","0","0","0","0","0","0","0","0","0","0","0","0","0","0","0","0","0","0","0","0","0","1.0","",""
"Human_2pole_Walk/0","Human,back,head,100.5,96.5,0.0,0.0,5.0,1.0","1.0","1.0","Human,back,body,100.0,119.5,0.0,0.0,6.0,1.0","Human,back,arm_up,89.0,116.0,11.768288932020653,0.0,6.0,1.0","Human,back,arm_low,94.0,126.0,39.936383146969916,0.0,3.0,1.0","Human,back,fist,98.0,131.5,21.068974931931223,0.0,1.0,1.0","Human,back,arm_up,109.5,117.0,-26.56505117707799,1.0,6.0,1.0","Human,back,arm_low,103.0,122.0,-87.03176597012829,0.0,6.0,1.0","Human,back,fist,97.0,123.5,99.46232220802563,0.0,1.0,1.0","Human,back,leg,94.0,137.0,0.0,0.0,7.0,1.0","Human,back,foot,94.0,149.0,0.0,0.0,8.0,1.0","Human,back,leg,106.5,137.5,0.0,0.0,6.0,1.0","Human,back,foot,106.0,149.5,0.0,0.0,6.0,1.0","back,base,90.5,96.0,-166.86597769360367,0.0,2.0,1.0","back,front,95.0,116.5,33.11134196037203,0.0,15.0,1.0","0","1.0","1.0","0","0","0","0","0","0","0","0","0","0","0","0","0","0","0","0","0","0","0","0","0","0","1.0","",""
"Human_2pole_Walk/1","Human,back,head,100.5,97.0,0.0,0.0,5.0,1.0","1.0","1.0","Human,back,body,100.0,119.5,0.0,0.0,6.0,1.0","Human,back,arm_up,89.0,117.5,-1.7899106082460605,0.0,6.0,1.0","Human,back,arm_low,92.0,127.5,39.936383146969916,0.0,3.0,1.0","Human,back,fist,98.0,131.5,21.068974931931223,0.0,1.0,1.0","Human,back,arm_up,109.5,118.5,-19.440034828176195,1.0,6.0,1.0","Human,back,arm_low,101.5,123.5,-87.03176597012829,0.0,6.0,1.0","Human,back,fist,96.0,123.5,99.46232220802563,0.0,1.0,1.0","Human,back,leg,94.0,136.0,0.0,0.0,7.0,1.0","Human,back,foot,94.0,147.0,0.0,0.0,8.0,1.0","Human,back,leg,106.5,136.5,0.0,0.0,6.0,1.0","Human,back,foot,106.0,145.5,0.0,0.0,6.0,1.0","back,base,90.5,96.0,-168.16988667383197,0.0,2.0,1.0","back,front,95.0,116.5,33.11134196037203,0.0,15.0,1.0","0","1.0","1.0","0","0","0","0","0","0","0","0","0","0","0","0","0","0","0","0","0","0","0","0","0","0","1.0","",""
"Human_2pole_Walk/2","Human,back,head,100.5,95.5,0.0,0.0,5.0,1.0","1.0","1.0","Human,back,body,100.0,119.5,0.0,0.0,6.0,1.0","Human,back,arm_up,89.0,116.0,11.768288932020653,0.0,6.0,1.0","Human,back,arm_low,94.0,126.0,39.936383146969916,0.0,3.0,1.0","Human,back,fist,98.0,131.5,21.068974931931223,0.0,1.0,1.0","Human,back,arm_up,109.5,117.0,-26.56505117707799,1.0,6.0,1.0","Human,back,arm_low,103.0,122.0,-87.03176597012829,0.0,6.0,1.0","Human,back,fist,97.0,123.5,99.46232220802563,0.0,1.0,1.0","Human,back,leg,94.0,137.0,0.0,0.0,7.0,1.0","Human,back,foot,94.0,149.0,0.0,0.0,8.0,1.0","Human,back,leg,106.5,137.5,0.0,0.0,6.0,1.0","Human,back,foot,106.0,149.5,0.0,0.0,6.0,1.0","back,base,90.5,96.0,-166.86597769360367,0.0,2.0,1.0","back,front,95.0,116.5,33.11134196037203,0.0,15.0,1.0","0","1.0","1.0","0","0","0","0","0","0","0","0","0","0","0","0","0","0","0","0","0","0","0","0","0","0","1.0","",""
"Human_2pole_Walk/3","Human,back,head,100.5,97.5,0.0,0.0,5.0,1.0","1.0","1.0","Human,back,body,100.0,119.5,0.0,0.0,6.0,1.0","Human,back,arm_up,90.5,118.0,21.161259816828277,0.0,6.0,1.0","Human,back,arm_low,95.0,126.0,39.936383146969916,0.0,3.0,1.0","Human,back,fist,99.0,131.5,21.068974931931223,0.0,1.0,1.0","Human,back,arm_up,111.5,118.5,2.4110297466112343,1.0,6.0,1.0","Human,back,arm_low,106.5,123.5,-87.03176597012829,0.0,6.0,1.0","Human,back,fist,98.0,123.5,99.46232220802563,0.0,1.0,1.0","Human,back,leg,94.0,135.0,0.0,0.0,4.0,1.0","Human,back,foot,94.0,146.5,0.0,0.0,3.0,1.0","Human,back,leg,106.5,135.0,0.0,0.0,9.0,1.0","Human,back,foot,106.0,148.0,0.0,0.0,10.0,1.0","back,base,90.5,96.0,-164.33526697427817,0.0,2.0,1.0","back,front,95.0,116.5,33.11134196037203,0.0,15.0,1.0","0","1.0","1.0","0","0","0","0","0","0","0","0","0","0","0","0","0","0","0","0","0","0","0","0","0","0","1.0","",""
"Human_shield_Idle/0","Human,back,head,101.5,96.5,0.0,0.0,5.0,1.0","1.0","1.0","Human,back,body,101.0,119.5,0.0,0.0,6.0,1.0","Human,back,arm_up,89.5,115.5,0.0,0.0,6.0,1.0","Human,back,arm_low,89.5,126.5,0.0,0.0,3.0,1.0","Human,back,fist,89.5,134.0,0.0,0.0,1.0,1.0","Human,back,arm_up,114.0,115.5,0.0,1.0,13.0,1.0","Human,back,arm_low,114.5,126.0,0.0,0.0,12.0,1.0","Human,back,fist,114.0,134.0,-180.0,0.0,11.0,1.0","Human,back,leg,95.0,137.0,0.0,0.0,7.0,1.0","Human,back,foot,95.0,151.0,0.0,0.0,8.0,1.0","Human,back,leg,107.5,137.0,0.0,0.0,9.0,1.0","Human,back,foot,107.0,151.0,0.0,0.0,10.0,1.0","back,base,87.0,134.0,-1.5275254422129336,0.0,3.0,1.0","back,base,114.0,145.5,0.0,0.0,0.0,1.0","0","1.0","1.0","0","0","0","0","0","0","0","0","0","0","0","0","0","0","0","0","0","0","0","0","0","0","1.0","",""
"Human_shield_Run/0","Human,back,head,100.5,96.5,0.0,0.0,5.0,1.0","1.0","1.0","Human,back,body,100.0,119.5,0.0,0.0,6.0,1.0","Human,back,arm_up,88.0,115.5,2.935673446421177,0.0,4.0,0.7","Human,back,arm_low,88.0,122.5,-5.527540151656169,0.0,3.0,0.7","Human,back,fist,87.0,127.5,0.0,0.0,2.0,0.7","Human,back,arm_up,113.0,116.0,9.86580694308438,1.0,13.0,0.9","Human,back,arm_low,113.0,127.0,0.9710219310791786,0.0,12.0,1.0","Human,back,fist,114.5,134.0,-180.0,0.0,11.0,1.0","Human,back,leg,94.0,135.0,0.0,0.0,5.0,1.0","Human,back,foot,94.0,147.0,0.0,0.0,8.0,1.0","Human,back,leg,106.5,137.5,0.0,0.0,6.0,1.0","Human,back,foot,106.0,148.5,0.0,0.0,6.0,1.0","back,base,85.0,126.0,-6.842773412630933,0.0,1.0,0.8","back,top,114.0,135.0,2.792702365713282,0.0,0.0,1.0","0","1.0","1.0","0","0","0","0","0","0","0","0","0","0","0","0","0","0","0","0","0","0","0","0","0","0","1.0","",""
"Human_shield_Run/1","Human,back,head,100.5,98.0,0.0,0.0,5.0,1.0","1.0","1.0","Human,back,body,100.0,119.5,0.0,0.0,6.0,1.0","Human,back,arm_up,87.0,116.5,-13.392497753751101,0.0,4.0,0.9","Human,back,arm_low,85.0,125.0,-7.815293546766881,0.0,3.0,0.9","Human,back,fist,84.0,130.0,-12.528807709151508,0.0,2.0,0.9","Human,back,arm_up,112.0,115.0,14.036243467926482,1.0,11.0,0.7","Human,back,arm_low,113.0,123.0,13.020767305624688,0.0,14.0,0.8","Human,back,fist,115.5,130.5,-180.0,0.0,11.0,0.8","Human,back,leg,94.0,134.0,0.0,0.0,5.0,1.0","Human,back,foot,94.0,144.0,0.0,0.0,3.0,1.0","Human,back,leg,106.5,130.0,0.0,0.0,8.0,1.0","Human,back,foot,106.0,140.5,0.0,0.0,10.0,1.0","back,base,81.5,129.0,-12.587693381648776,0.0,1.0,0.8","back,base,115.0,136.5,6.21182202900917,0.0,0.0,0.7","0","1.0","1.0","0","0","0","0","0","0","0","0","0","0","0","0","0","0","0","0","0","0","0","0","0","0","1.0","",""
"Human_shield_Run/2","Human,back,head,100.5,96.0,0.0,0.0,5.0,1.0","1.0","1.0","Human,back,body,100.0,119.5,0.0,0.0,6.0,1.0","Human,back,arm_up,88.5,115.5,0.0,0.0,4.0,1.0","Human,back,arm_low,88.5,125.0,0.0,0.0,3.0,1.0","Human,back,fist,88.5,132.5,0.0,0.0,1.0,1.0","Human,back,arm_up,113.5,115.5,9.86580694308438,1.0,13.0,0.9","Human,back,arm_low,113.5,125.0,3.8785245028477107,0.0,12.0,0.9","Human,back,fist,114.0,131.5,-180.0,0.0,11.0,0.9","Human,back,leg,94.0,136.5,0.0,0.0,7.0,1.0","Human,back,foot,94.0,149.0,0.0,0.0,8.0,1.0","Human,back,leg,106.5,135.5,0.0,0.0,6.0,1.0","Human,back,foot,106.0,148.5,0.0,0.0,6.0,1.0","back,base,85.0,132.0,0.5070290609147747,0.0,1.0,0.8","back,base,114.5,140.5,-1.3859178508121772,0.0,0.0,0.9","0","1.0","1.0","0","0","0","0","0","0","0","0","0","0","0","0","0","0","0","0","0","0","0","0","0","0","1.0","",""
"Human_shield_Run/3","Human,back,head,100.5,98.0,0.0,0.0,5.0,1.0","1.0","1.0","Human,back,body,100.0,121.5,0.0,0.0,6.0,1.0","Human,back,arm_up,88.5,115.5,-12.724355685422367,0.0,4.0,0.6","Human,back,arm_low,87.0,121.5,-7.1992336383676445,0.0,3.0,0.6","Human,back,fist,87.0,125.0,0.0,0.0,2.0,0.6","Human,back,arm_up,113.0,116.0,9.86580694308438,1.0,13.0,0.9","Human,back,arm_low,113.0,124.5,0.9710219310791786,0.0,12.0,1.0","Human,back,fist,114.5,131.0,-180.0,0.0,11.0,1.0","Human,back,leg,94.0,134.5,0.0,0.0,7.0,1.0","Human,back,foot,94.0,143.5,0.0,0.0,8.0,1.0","Human,back,leg,106.5,137.5,0.0,0.0,6.0,1.0","Human,back,foot,106.0,146.5,0.0,0.0,6.0,1.0","back,base,86.5,124.0,-7.961750891008094,0.0,1.0,0.6","back,base,113.0,119.5,-175.5251034937539,0.0,0.0,1.0","0","1.0","1.0","0","0","0","0","0","0","0","0","0","0","0","0","0","0","0","0","0","0","0","0","0","0","1.0","",""
"Human_shield_Walk/0","Human,back,head,100.5,96.5,0.0,0.0,5.0,1.0","1.0","1.0","Human,back,body,100.0,119.5,0.0,0.0,6.0,1.0","Human,back,arm_up,88.5,115.5,0.0,0.0,4.0,0.7","Human,back,arm_low,88.5,123.0,0.0,0.0,3.0,0.7","Human,back,fist,88.5,127.5,0.0,0.0,2.0,0.7","Human,back,arm_up,113.0,116.0,9.86580694308438,1.0,13.0,0.9","Human,back,arm_low,113.0,127.0,0.9710219310791786,0.0,12.0,1.0","Human,back,fist,114.5,134.0,-180.0,0.0,11.0,1.0","Human,back,leg,94.0,137.0,0.0,0.0,7.0,1.0","Human,back,foot,94.0,149.0,0.0,0.0,8.0,1.0","Human,back,leg,106.5,137.5,0.0,0.0,6.0,1.0","Human,back,foot,106.0,149.5,0.0,0.0,6.0,1.0","back,base,87.0,127.5,-1.5275254422129336,0.0,3.0,0.8","back,top,114.0,135.0,-175.5251034937539,0.0,0.0,1.0","0","1.0","1.0","0","0","0","0","0","0","0","0","0","0","0","0","0","0","0","0","0","0","0","0","0","0","1.0","",""
"Human_shield_Walk/1","Human,back,head,100.5,97.0,0.0,0.0,5.0,1.0","1.0","1.0","Human,back,body,100.0,119.5,0.0,0.0,6.0,1.0","Human,back,arm_up,87.0,116.0,0.0,0.0,4.0,0.9","Human,back,arm_low,87.0,123.5,0.0,0.0,3.0,0.9","Human,back,fist,87.0,128.0,0.0,0.0,2.0,0.9","Human,back,arm_up,112.0,115.0,9.86580694308438,1.0,11.0,0.8","Human,back,arm_low,112.0,125.0,0.9710219310791786,0.0,14.0,0.9","Human,back,fist,113.5,131.0,-180.0,0.0,11.0,0.9","Human,back,leg,94.0,136.0,0.0,0.0,7.0,1.0","Human,back,foot,94.0,147.0,0.0,0.0,8.0,1.0","Human,back,leg,106.5,136.5,0.0,0.0,6.0,1.0","Human,back,foot,106.0,145.5,0.0,0.0,6.0,1.0","back,base,82.0,129.0,176.24827092947402,0.0,3.0,0.8","back,top,113.0,132.5,-175.5251034937539,0.0,0.0,0.9","0","1.0","1.0","0","0","0","0","0","0","0","0","0","0","0","0","0","0","0","0","0","0","0","0","0","0","1.0","",""
"Human_shield_Walk/2","Human,back,head,100.5,96.5,0.0,0.0,5.0,1.0","1.0","1.0","Human,back,body,100.0,119.5,0.0,0.0,6.0,1.0","Human,back,arm_up,88.5,115.5,0.0,0.0,4.0,1.0","Human,back,arm_low,88.5,125.0,0.0,0.0,3.0,1.0","Human,back,fist,88.5,132.5,0.0,0.0,1.0,1.0","Human,back,arm_up,113.5,115.5,9.86580694308438,1.0,13.0,0.9","Human,back,arm_low,113.5,125.0,3.8785245028477107,0.0,12.0,0.9","Human,back,fist,114.0,131.5,-180.0,0.0,11.0,0.9","Human,back,leg,94.0,137.0,0.0,0.0,7.0,1.0","Human,back,foot,94.0,149.0,0.0,0.0,8.0,1.0","Human,back,leg,106.5,137.5,0.0,0.0,6.0,1.0","Human,back,foot,106.0,149.5,0.0,0.0,6.0,1.0","back,base,85.0,131.0,-1.5275254422129336,0.0,2.0,0.8","back,base,114.5,140.5,-1.3859178508121772,0.0,0.0,0.9","0","1.0","1.0","0","0","0","0","0","0","0","0","0","0","0","0","0","0","0","0","0","0","0","0","0","0","1.0","",""
"Human_shield_Walk/3","Human,back,head,100.5,97.0,0.0,0.0,5.0,1.0","1.0","1.0","Human,back,body,100.0,119.5,0.0,0.0,6.0,1.0","Human,back,arm_up,88.5,115.5,0.0,0.0,6.0,1.0","Human,back,arm_low,88.5,126.5,0.0,0.0,3.0,1.0","Human,back,fist,88.5,134.0,0.0,0.0,1.0,1.0","Human,back,arm_up,113.0,117.5,9.86580694308438,1.0,13.0,1.1","Human,back,arm_low,113.0,127.0,0.9710219310791786,0.0,12.0,1.2","Human,back,fist,114.5,134.0,-180.0,0.0,11.0,1.2","Human,back,leg,94.0,135.0,0.0,0.0,4.0,1.0","Human,back,foot,94.0,146.5,0.0,0.0,3.0,1.0","Human,back,leg,106.5,135.0,0.0,0.0,9.0,1.0","Human,back,foot,106.0,148.0,0.0,0.0,10.0,1.0","back,base,85.5,134.5,-1.5275254422129336,0.0,3.0,1.0","back,base,114.5,124.0,-175.5443971666737,0.0,0.0,0.8","0","1.0","1.0","0","0","0","0","0","0","0","0","0","0","0","0","0","0","0","0","0","0","0","0","0","0","1.0","",""
"Human_Main_1hand_Pierce_1/0","Human,back,head,100.0,96.5,0.0,0.0,5.0,1.0","1.0","1.0","Human,back,body,100.0,119.5,0.0,0.0,6.0,1.0","Human,back,arm_up,87.0,114.5,-21.12471914607248,0.0,10.0,0.6","Human,back,arm_low,88.5,115.5,-15.255118703057775,0.0,9.0,1.1","Human,back,fist,86.5,121.0,0.0,0.0,1.0,1.0","Human,back,arm_up,113.0,115.5,8.426969021480673,1.0,13.0,1.0","Human,back,arm_low,116.5,124.5,14.322719978203565,0.0,12.0,1.0","Human,back,fist,117.0,131.5,3.1108406534907687,0.0,11.0,1.0","Human,back,leg,94.5,133.0,-4.573921259900857,0.0,7.0,1.0","Human,back,foot,93.5,144.5,-5.9468630539734875,0.0,8.0,1.0","Human,back,leg,107.5,136.0,5.042451069170923,0.0,6.0,1.0","Human,back,foot,108.5,149.5,6.170175095029606,0.0,10.0,1.0","back,top,86.0,121.5,-0.6227556872063218,0.0,1.0,0.8","back,base,121.5,145.0,17.744671625056924,0.0,12.0,1.0","0","1.0","1.0","0","0","0","0","0","0","0","0","0","0","0","0","0","0","0","0","0","0","0","0","0","0","1.0","",""
"Human_Main_1hand_Pierce_1/1","Human,back,head,100.5,97.0,0.0,0.0,5.0,1.0","1.0","1.0","Human,back,body,100.0,119.5,0.0,0.0,6.0,1.0","Human,back,arm_up,87.5,113.5,-17.525568373722876,0.0,6.0,1.0","Human,back,arm_low,86.0,120.5,6.58194465517802,0.0,2.0,1.0","Human,back,fist,87.0,124.0,0.0,0.0,1.0,1.0","Human,back,arm_up,113.0,115.5,15.945395900922861,1.0,13.0,1.0","Human,back,arm_low,115.5,124.5,9.162347045721717,0.0,12.0,1.0","Human,back,fist,117.5,132.0,3.1108406534907687,0.0,11.0,1.0","Human,back,leg,94.0,135.0,-4.573921259900857,0.0,7.0,1.0","Human,back,foot,92.5,147.5,-9.246112745563238,0.0,8.0,1.0","Human,back,leg,107.5,136.0,5.042451069170923,0.0,6.0,1.0","Human,back,foot,108.5,149.0,6.170175095029606,0.0,10.0,1.0","back,top,86.5,124.0,-1.5275254422129336,0.0,1.0,1.0","back,base,123.0,145.5,21.03751102542182,0.0,12.0,1.0","0","1.0","1.0","0","0","0","0","0","0","0","0","0","0","0","0","0","0","0","0","0","0","0","0","0","0","1.0","hold",""
"Human_Main_1hand_Pierce_1/2","Human,back,head,100.5,98.5,0.0,0.0,5.0,1.0","1.0","1.0","Human,back,body,100.0,119.5,0.0,0.0,6.0,1.0","Human,back,arm_up,87.5,113.5,-17.525568373722876,0.0,6.0,1.0","Human,back,arm_low,86.0,122.0,6.58194465517802,0.0,2.0,1.0","Human,back,fist,87.0,126.5,0.0,0.0,1.0,1.0","Human,back,arm_up,113.0,115.5,30.068582821862464,1.0,13.0,1.0","Human,back,arm_low,117.5,124.5,20.045249425421005,0.0,12.0,1.0","Human,back,fist,120.5,130.0,3.1108406534907687,0.0,11.0,1.0","Human,back,leg,94.5,134.5,-4.573921259900857,0.0,7.0,1.0","Human,back,foot,92.5,146.0,-5.9468630539734875,0.0,8.0,1.0","Human,back,leg,107.5,135.5,5.042451069170923,0.0,6.0,1.0","Human,back,foot,108.5,148.5,6.170175095029606,0.0,10.0,1.0","back,base,87.5,136.5,-1.5275254422129336,0.0,1.0,1.0","back,base,122.5,144.0,11.888658039627984,0.0,13.0,1.0","0","1.0","1.0","0","0","0","0","0","0","0","0","0","0","0","0","0","0","0","0","0","0","0","0","0","0","1.0","",""
"Human_Main_1hand_Pierce_1/3","Human,back,head,100.0,100.0,0.0,0.0,5.0,1.0","1.0","1.0","Human,back,body,100.0,119.5,0.0,0.0,6.0,1.0","Human,back,arm_up,87.5,117.5,-12.056762533832625,0.0,10.0,1.0","Human,back,arm_low,87.0,125.0,11.54669054592732,0.0,5.0,1.1","Human,back,fist,89.5,134.5,0.0,0.0,1.0,1.0","Human,back,arm_up,113.0,116.5,8.426969021480673,1.0,13.0,1.0","Human,back,arm_low,116.0,124.5,13.240519915187207,0.0,12.0,1.0","Human,back,fist,117.0,131.5,3.1108406534907687,0.0,11.0,1.0","Human,back,leg,94.5,136.0,-10.840305454330561,0.0,7.0,1.0","Human,back,foot,92.0,147.0,-5.9468630539734875,0.0,8.0,1.0","Human,back,leg,107.0,137.0,10.175510843043213,0.0,6.0,1.0","Human,back,foot,109.5,149.0,6.170175095029606,0.0,10.0,1.0","back,front,89.5,147.0,-0.6227556872063218,0.0,2.0,0.9","back,base,120.5,143.0,12.528807709151508,0.0,13.0,1.0","0","1.0","1.0","0","0","0","0","0","0","0","0","0","0","0","0","0","0","0","0","0","0","0","0","0","0","1.0","",""
"Human_Main_1hand_Punch_1/0","Human,back,head,100.5,97.0,0.0,0.0,5.0,1.0","1.0","1.0","Human,back,body,100.0,119.5,0.0,0.0,6.0,1.0","Human,back,arm_up,87.0,114.0,-21.447736327105346,0.0,6.0,1.0","Human,back,arm_low,85.5,121.5,15.592810939266343,0.0,2.0,1.0","Human,back,fist,87.0,124.0,0.0,0.0,1.0,1.0","Human,back,arm_up,113.0,115.5,15.945395900922861,1.0,13.0,1.0","Human,back,arm_low,115.5,124.5,9.162347045721717,0.0,12.0,1.0","Human,back,fist,117.5,132.0,3.1108406534907687,0.0,11.0,1.0","Human,back,leg,94.0,135.0,-4.573921259900857,0.0,7.0,1.0","Human,back,foot,92.5,147.5,-9.246112745563238,0.0,8.0,1.0","Human,back,leg,107.5,136.0,5.042451069170923,0.0,6.0,1.0","Human,back,foot,108.5,149.0,6.170175095029606,0.0,10.0,1.0","back,base,87.0,131.0,-1.5275254422129336,0.0,1.0,1.0","back,base,119.0,144.5,11.056412980248197,0.0,12.0,1.0","0","1.0","1.0","0","0","0","0","0","0","0","0","0","0","0","0","0","0","0","0","0","0","0","0","0","0","1.0","",""
"Human_Main_1hand_Punch_1/1","Human,back,head,101.5,96.0,0.0,0.0,5.0,1.0","1.0","1.0","Human,back,body,101.0,119.5,0.0,0.0,6.0,1.0","Human,back,arm_up,88.0,114.5,-27.699472808055,0.0,10.0,0.6","Human,back,arm_low,90.5,111.5,-40.426078740099136,0.0,9.0,1.1","Human,back,fist,86.5,117.5,0.0,0.0,1.0,1.0","Human,back,arm_up,114.0,115.5,30.068582821862464,1.0,13.0,1.0","Human,back,arm_low,118.5,124.5,20.045249425421005,0.0,12.0,1.0","Human,back,fist,121.5,130.0,3.1108406534907687,0.0,11.0,1.0","Human,back,leg,95.5,134.5,-4.573921259900857,0.0,7.0,1.0","Human,back,foot,93.5,146.0,-5.9468630539734875,0.0,8.0,1.0","Human,back,leg,108.5,135.5,5.042451069170923,0.0,6.0,1.0","Human,back,foot,109.5,148.5,6.170175095029606,0.0,10.0,1.0","back,top,86.0,118.5,-0.6227556872063218,0.0,1.0,0.8","back,base,122.5,140.5,5.767888897914148,0.0,13.0,1.0","0","1.0","1.0","0","0","0","0","0","0","0","0","0","0","0","0","0","0","0","0","0","0","0","0","0","0","1.0","",""
"Human_Main_1hand_Punch_1/2","Human,back,head,101.0,98.5,0.0,0.0,5.0,1.0","1.0","1.0","Human,back,body,101.0,119.5,0.0,0.0,6.0,1.0","Human,back,arm_up,88.5,115.0,-21.12471914607248,0.0,10.0,0.9","Human,back,arm_low,87.5,122.5,-6.115503566285398,0.0,9.0,1.1","Human,back,fist,87.5,128.0,0.0,0.0,1.0,1.0","Human,back,arm_up,114.0,115.5,43.02506598911802,1.0,13.0,1.0","Human,back,arm_low,118.0,121.0,31.63978155523553,0.0,12.0,1.0","Human,back,fist,120.0,125.5,-36.18477897677684,0.0,11.0,1.0","Human,back,leg,95.5,133.0,-4.573921259900857,0.0,7.0,1.0","Human,back,foot,94.5,144.5,-5.9468630539734875,0.0,8.0,1.0","Human,back,leg,108.5,136.0,5.042451069170923,0.0,6.0,1.0","Human,back,foot,109.5,149.5,6.170175095029606,0.0,10.0,1.0","back,base,87.0,133.0,-0.6227556872063218,0.0,1.0,0.8","back,base,120.0,136.0,0.0,0.0,10.0,1.0","0","1.0","1.0","0","0","0","0","0","0","0","0","0","0","0","0","0","0","0","0","0","0","0","0","0","0","1.0","",""
"Human_Main_1hand_Punch_1/3","Human,back,head,101.0,100.5,0.0,0.0,5.0,1.0","1.0","1.0","Human,back,body,101.0,119.5,0.0,0.0,6.0,1.0","Human,back,arm_up,89.0,119.0,-1.2188752351312928,0.0,10.0,1.0","Human,back,arm_low,89.5,129.5,6.340191745909905,0.0,5.0,1.1","Human,back,fist,90.5,137.0,0.0,0.0,1.0,1.0","Human,back,arm_up,113.0,116.5,36.27661935831701,1.0,13.0,1.0","Human,back,arm_low,117.5,123.5,13.240519915187207,0.0,12.0,1.0","Human,back,fist,118.0,131.5,3.1108406534907687,0.0,11.0,1.0","Human,back,leg,95.5,135.0,-10.840305454330561,0.0,7.0,1.0","Human,back,foot,93.0,146.0,-5.9468630539734875,0.0,8.0,1.0","Human,back,leg,108.0,136.5,10.175510843043213,0.0,6.0,1.0","Human,back,foot,110.5,149.0,6.170175095029606,0.0,10.0,1.0","back,front,89.5,142.5,-0.6227556872063218,0.0,1.0,0.9","back,base,119.5,142.5,2.0700306530411012,0.0,10.0,1.0","0","1.0","1.0","0","0","0","0","0","0","0","0","0","0","0","0","0","0","0","0","0","0","0","0","0","0","1.0","",""
"Human_Main_1hand_Slash_1/0","Human,back,head,100.5,97.0,0.0,0.0,5.0,1.0","1.0","1.0","Human,back,body,100.0,119.5,0.0,0.0,6.0,1.0","Human,back,arm_up,87.0,114.0,-21.447736327105346,0.0,6.0,1.0","Human,back,arm_low,85.5,121.5,15.592810939266343,0.0,2.0,1.0","Human,back,fist,87.0,124.0,0.0,0.0,1.0,1.0","Human,back,arm_up,113.0,115.5,15.945395900922861,1.0,13.0,1.0","Human,back,arm_low,115.5,124.5,9.162347045721717,0.0,12.0,1.0","Human,back,fist,117.5,132.0,3.1108406534907687,0.0,11.0,1.0","Human,back,leg,94.0,135.0,-4.573921259900857,0.0,7.0,1.0","Human,back,foot,92.5,147.5,-9.246112745563238,0.0,8.0,1.0","Human,back,leg,107.5,136.0,5.042451069170923,0.0,6.0,1.0","Human,back,foot,108.5,149.0,6.170175095029606,0.0,10.0,1.0","back,base,87.0,135.5,-1.5275254422129336,0.0,1.0,1.0","back,base,119.0,144.5,11.056412980248197,0.0,12.0,1.0","0","1.0","1.0","0","0","0","0","0","0","0","0","0","0","0","0","0","0","0","0","0","0","0","0","0","0","1.0","",""
"Human_Main_1hand_Slash_1/1","Human,back,head,100.5,98.5,0.0,0.0,5.0,1.0","1.0","1.0","Human,back,body,100.0,119.5,0.0,0.0,6.0,1.0","Human,back,arm_up,86.0,111.0,-142.01185827447512,0.0,11.0,1.0","Human,back,arm_low,81.0,103.0,15.592810939266343,0.0,9.0,1.0","Human,back,fist,80.5,96.5,0.0,0.0,1.0,1.0","Human,back,arm_up,113.0,115.5,30.068582821862464,1.0,13.0,1.0","Human,back,arm_low,117.5,124.5,20.045249425421005,0.0,12.0,1.0","Human,back,fist,120.5,130.0,3.1108406534907687,0.0,11.0,1.0","Human,back,leg,94.5,134.5,-4.573921259900857,0.0,7.0,1.0","Human,back,foot,92.5,146.0,-5.9468630539734875,0.0,8.0,1.0","Human,back,leg,107.5,135.5,5.042451069170923,0.0,6.0,1.0","Human,back,foot,108.5,148.5,6.170175095029606,0.0,10.0,1.0","front,base,80.0,95.5,-1.5275254422129336,0.0,1.0,1.0","back,base,121.5,140.5,5.767888897914148,0.0,13.0,1.0","0","1.0","1.0","0","0","0","0","0","0","0","0","0","0","0","0","0","0","0","0","0","0","0","0","0","0","1.0","",""
"Human_Main_1hand_Slash_1/2","Human,back,head,100.0,99.0,0.0,0.0,5.0,1.0","1.0","1.0","Human,back,body,100.0,119.5,0.0,0.0,6.0,1.0","Human,back,arm_up,87.0,114.5,-21.12471914607248,0.0,10.0,0.6","Human,back,arm_low,88.5,115.5,-15.255118703057775,0.0,9.0,1.1","Human,back,fist,86.5,121.0,0.0,0.0,1.0,1.0","Human,back,arm_up,113.0,115.5,8.426969021480673,1.0,13.0,1.0","Human,back,arm_low,116.5,124.5,14.322719978203565,0.0,12.0,1.0","Human,back,fist,117.0,131.5,3.1108406534907687,0.0,11.0,1.0","Human,back,leg,94.5,133.0,-4.573921259900857,0.0,7.0,1.0","Human,back,foot,93.5,144.5,-5.9468630539734875,0.0,8.0,1.0","Human,back,leg,107.5,136.0,5.042451069170923,0.0,6.0,1.0","Human,back,foot,108.5,149.5,6.170175095029606,0.0,10.0,1.0","back,top,86.0,121.5,-0.6227556872063218,0.0,1.0,0.8","back,base,119.0,142.5,5.767888897914148,0.0,12.0,1.0","0","1.0","1.0","0","0","0","0","0","0","0","0","0","0","0","0","0","0","0","0","0","0","0","0","0","0","1.0","",""
"Human_Main_1hand_Slash_1/3","Human,back,head,100.5,100.0,0.0,0.0,5.0,1.0","1.0","1.0","Human,back,body,100.5,119.5,0.0,0.0,6.0,1.0","Human,back,arm_up,88.5,117.5,-12.056762533832625,0.0,10.0,1.0","Human,back,arm_low,89.0,125.0,11.54669054592732,0.0,5.0,1.1","Human,back,fist,90.0,133.0,0.0,0.0,1.0,1.0","Human,back,arm_up,113.5,116.5,8.426969021480673,1.0,13.0,1.0","Human,back,arm_low,116.5,124.5,13.240519915187207,0.0,12.0,1.0","Human,back,fist,117.5,131.5,3.1108406534907687,0.0,11.0,1.0","Human,back,leg,95.0,136.0,-10.840305454330561,0.0,7.0,1.0","Human,back,foot,92.5,147.0,-5.9468630539734875,0.0,8.0,1.0","Human,back,leg,107.5,137.0,10.175510843043213,0.0,6.0,1.0","Human,back,foot,110.0,149.0,6.170175095029606,0.0,10.0,1.0","back,front,90.0,147.0,-0.6227556872063218,0.0,2.0,0.9","back,base,119.0,142.5,2.0700306530411012,0.0,12.0,1.0","0","1.0","1.0","0","0","0","0","0","0","0","0","0","0","0","0","0","0","0","0","0","0","0","0","0","0","1.0","",""
"Human_Main_1hand_Slash_2/0","Human,back,head,101.0,96.5,0.0,0.0,5.0,1.0","1.0","1.0","Human,back,body,100.5,119.5,-3.5763343749973444,0.0,6.0,1.0","Human,back,arm_up,91.5,116.5,30.699722550814414,0.0,6.0,1.0","Human,back,arm_low,97.5,121.5,75.83294447736881,0.0,2.0,1.0","Human,back,fist,106.5,122.5,0.0,0.0,1.0,1.0","Human,back,arm_up,113.5,115.5,15.945395900922861,1.0,13.0,1.0","Human,back,arm_low,116.0,124.5,9.162347045721717,0.0,12.0,1.0","Human,back,fist,118.0,132.0,3.1108406534907687,0.0,11.0,1.0","Human,back,leg,94.5,133.5,-4.573921259900857,0.0,7.0,1.0","Human,back,foot,91.5,145.5,-9.246112745563238,0.0,8.0,1.0","Human,back,leg,107.5,136.0,12.339087278326204,0.0,6.0,1.0","Human,back,foot,110.5,148.0,7.125016348901795,0.0,10.0,1.0","back,front,122.5,120.0,94.85309638699238,0.0,2.0,1.1","back,base,119.5,144.5,11.056412980248197,0.0,0.0,1.0","0","1.0","1.0","0","0","0","0","0","0","0","0","0","0","0","0","0","0","0","0","0","0","0","0","0","0","1.0","",""
"Human_Main_1hand_Slash_2/1","Human,back,head,100.0,97.5,0.0,0.0,5.0,1.0","1.0","1.0","Human,back,body,99.5,119.5,0.0,0.0,6.0,1.0","Human,back,arm_up,90.0,118.0,15.376251248826193,0.0,6.0,1.0","Human,back,arm_low,95.0,125.5,56.30993247402023,0.0,2.0,1.0","Human,back,fist,101.0,129.5,45.67936475546526,0.0,1.0,1.0","Human,back,arm_up,112.5,115.5,23.962488974578193,1.0,13.0,1.0","Human,back,arm_low,116.0,124.5,18.138082155597317,0.0,12.0,1.0","Human,back,fist,118.5,132.0,3.1108406534907687,0.0,11.0,1.0","Human,back,leg,93.5,133.5,-12.724355685422367,0.0,7.0,1.0","Human,back,foot,90.5,145.5,-9.246112745563238,0.0,8.0,1.0","Human,back,leg,106.5,137.0,12.339087278326204,0.0,6.0,1.0","Human,back,foot,109.5,149.0,8.530765609948133,0.0,10.0,1.0","back,front,117.5,132.5,77.87092380189722,0.0,2.0,1.1","back,base,120.5,143.5,11.056412980248197,0.0,4.0,1.0","0","1.0","1.0","0","0","0","0","0","0","0","0","0","0","0","0","0","0","0","0","0","0","0","0","0","0","1.0","",""
"Human_Main_1hand_Slash_2/2","Human,back,head,100.5,98.5,0.0,0.0,5.0,1.0","1.0","1.0","Human,back,body,100.0,119.5,0.0,0.0,6.0,1.0","Human,back,arm_up,90.5,118.0,15.376251248826193,0.0,6.0,1.0","Human,back,arm_low,92.0,123.5,11.71247231108751,0.0,2.0,1.0","Human,back,fist,94.0,130.5,1.218875235131307,0.0,1.0,1.0","Human,back,arm_up,113.0,115.5,23.962488974578193,1.0,13.0,1.0","Human,back,arm_low,117.5,122.5,23.334041276709783,0.0,12.0,1.0","Human,back,fist,120.0,127.0,44.17762902000183,0.0,11.0,1.0","Human,back,leg,93.5,133.5,-12.724355685422367,0.0,7.0,1.0","Human,back,foot,91.0,145.5,-9.246112745563238,0.0,8.0,1.0","Human,back,leg,107.0,137.0,12.339087278326204,0.0,6.0,1.0","Human,back,foot,110.0,150.0,8.530765609948133,0.0,10.0,1.0","back,base,96.0,142.0,8.673174047879769,0.0,2.0,1.1","back,base,126.5,134.0,41.39153114743365,0.0,4.0,0.9","0","1.0","1.0","0","0","0","0","0","0","0","0","0","0","0","0","0","0","0","0","0","0","0","0","0","0","1.0","",""
"Human_Main_1hand_Slash_2/3","Human,back,head,100.5,99.0,0.0,0.0,5.0,1.0","1.0","1.0","Human,back,body,100.0,119.5,3.327404241726569,0.0,6.0,1.0","Human,back,arm_up,86.5,116.5,-47.602562202499804,0.0,6.0,1.0","Human,back,arm_low,79.0,123.0,-46.99787985647667,0.0,2.0,1.0","Human,back,fist,74.0,127.0,-56.853004167744,0.0,1.0,1.0","Human,back,arm_up,113.0,115.5,23.962488974578193,1.0,13.0,1.0","Human,back,arm_low,117.5,124.0,22.47943439710312,0.0,12.0,1.0","Human,back,fist,120.0,129.5,44.17762902000183,0.0,11.0,1.0","Human,back,leg,94.0,134.0,-28.2016282186947,0.0,7.0,0.9","Human,back,foot,90.0,144.5,-14.93141717813755,0.0,8.0,1.0","Human,back,leg,107.0,137.5,12.339087278326204,0.0,6.0,1.1","Human,back,foot,110.0,149.0,8.530765609948133,0.0,10.0,1.1","back,base,64.0,135.0,-50.278646063418904,0.0,2.0,1.1","back,base,126.5,136.0,37.519113820476335,0.0,4.0,0.9","0","1.0","1.0","0","0","0","0","0","0","0","0","0","0","0","0","0","0","0","0","0","0","0","0","0","0","1.0","",""
"Human_Sub_1hand_Punch_1/0","Human,back,head,100.0,97.5,0.0,0.0,5.0,1.0","1.0","1.0","Human,back,body,100.0,120.0,-3.0127875041833363,0.0,6.0,1.0","Human,back,arm_up,87.5,116.5,-20.136303428248127,0.0,10.0,1.0","Human,back,arm_low,85.0,124.5,-5.710593137499629,0.0,2.0,1.0","Human,back,fist,84.5,130.5,-8.857958763628346,0.0,3.0,1.0","Human,back,arm_up,113.5,116.5,15.068488159492219,1.0,6.0,1.0","Human,back,arm_low,114.5,125.0,-3.9724959407506617,0.0,5.0,1.0","Human,back,fist,114.5,128.0,0.6661999701831434,0.0,1.0,1.0","Human,back,leg,92.0,136.0,-14.93141717813755,0.0,2.0,1.0","Human,back,foot,90.0,149.0,-4.969740728110295,0.0,8.0,1.0","Human,back,leg,106.0,134.5,11.309932474020215,0.0,8.0,1.0","Human,back,foot,108.5,142.5,12.308015817427929,0.0,12.0,1.0","back,base,81.0,142.0,-10.43747535111818,0.0,2.0,1.1","back,base,115.0,140.5,5.024075258539554,0.0,1.0,1.0","0","1.0","1.0","0","0","0","0","0","0","0","0","0","0","0","0","0","0","0","0","0","0","0","0","0","0","1.0","",""
"Human_Sub_1hand_Punch_1/1","Human,back,head,100.5,96.5,0.0,0.0,5.0,1.0","1.0","1.0","Human,back,body,100.0,119.5,-3.0127875041833363,0.0,6.0,1.0","Human,back,arm_up,88.5,114.0,-39.14398641457104,0.0,10.0,1.0","Human,back,arm_low,84.5,122.5,-17.495757877186435,0.0,12.0,1.0","Human,back,fist,83.5,128.0,-8.857958763628346,0.0,3.0,1.0","Human,back,arm_up,108.0,112.5,79.21570213243743,1.0,13.0,1.0","Human,back,arm_low,110.5,112.0,65.36160327538616,0.0,12.0,1.0","Human,back,fist,117.0,115.5,-178.48459209997787,0.0,11.0,1.0","Human,back,leg,92.0,137.0,-4.573921259900857,0.0,2.0,1.0","Human,back,foot,91.5,149.0,-4.969740728110295,0.0,8.0,1.0","Human,back,leg,105.5,132.5,12.339087278326204,0.0,8.0,1.0","Human,back,foot,107.5,142.5,8.259437979878811,0.0,12.0,1.0","back,base,80.5,136.5,-14.74356283647073,0.0,2.0,1.1","front,base,117.0,115.0,5.767888897914148,0.0,0.0,1.0","0","1.0","1.0","0","0","0","0","0","0","0","0","0","0","0","0","0","0","0","0","0","0","0","0","0","0","1.0","",""
"Human_Sub_1hand_Punch_1/2","Human,back,head,100.0,97.0,0.0,0.0,5.0,1.0","1.0","1.0","Human,back,body,100.0,120.0,-3.0127875041833363,0.0,6.0,1.0","Human,back,arm_up,87.5,116.5,-20.136303428248127,0.0,10.0,1.0","Human,back,arm_low,84.0,123.0,-6.709836807756929,0.0,12.0,1.0","Human,back,fist,84.5,129.0,-8.857958763628346,0.0,3.0,1.0","Human,back,arm_up,113.0,115.5,8.426969021480673,1.0,13.0,1.0","Human,back,arm_low,115.5,119.5,14.322719978203565,0.0,12.0,1.0","Human,back,fist,116.0,122.5,3.1108406534907687,0.0,11.0,1.0","Human,back,leg,92.0,136.0,-14.93141717813755,0.0,2.0,1.0","Human,back,foot,90.0,149.0,-4.969740728110295,0.0,8.0,1.0","Human,back,leg,106.0,134.5,11.309932474020215,0.0,8.0,1.0","Human,back,foot,108.5,142.5,12.308015817427929,0.0,12.0,1.0","back,base,82.5,137.5,-10.43747535111818,0.0,2.0,1.1","back,top,116.0,121.0,5.767888897914148,0.0,0.0,1.0","0","1.0","1.0","0","0","0","0","0","0","0","0","0","0","0","0","0","0","0","0","0","0","0","0","0","0","1.0","",""
"Human_Sub_1hand_Punch_1/3","Human,back,head,100.5,99.5,0.0,0.0,5.0,1.0","1.0","1.0","Human,back,body,100.5,120.0,-2.8155566842112307,0.0,6.0,1.0","Human,back,arm_up,87.5,116.5,-34.380344723844864,0.0,10.0,1.0","Human,back,arm_low,82.5,122.0,-33.340707346477,0.0,12.0,1.0","Human,back,fist,80.0,128.0,-8.857958763628346,0.0,3.0,1.0","Human,back,arm_up,112.5,116.0,8.426969021480673,1.0,6.0,1.0","Human,back,arm_low,114.0,125.5,7.495857639729863,0.0,6.0,1.2","Human,back,fist,115.5,134.5,3.1108406534907687,0.0,11.0,1.0","Human,back,leg,92.0,137.0,-9.865806943084365,0.0,2.0,1.0","Human,back,foot,90.5,150.0,-4.969740728110295,0.0,8.0,1.0","Human,back,leg,106.0,135.5,11.309932474020215,0.0,8.0,1.0","Human,back,foot,108.5,144.0,12.308015817427929,0.0,12.0,1.0","back,base,79.5,135.5,-10.43747535111818,0.0,2.0,1.1","back,front,116.5,151.0,2.0700306530411012,0.0,11.0,1.0","0","1.0","1.0","0","0","0","0","0","0","0","0","0","0","0","0","0","0","0","0","0","0","0","0","0","0","1.0","",""
"Human_Sub_1hand_Slash_1/0","Human,back,head,100.0,96.0,0.0,0.0,5.0,1.0","1.0","1.0","Human,back,body,100.0,120.0,-3.0127875041833363,0.0,6.0,1.0","Human,back,arm_up,87.5,116.5,-20.136303428248127,0.0,10.0,1.0","Human,back,arm_low,85.0,124.5,-5.710593137499629,0.0,2.0,1.0","Human,back,fist,84.5,130.5,-8.857958763628346,0.0,3.0,1.0","Human,back,arm_up,112.5,116.5,19.983106521899984,1.0,6.0,1.0","Human,back,arm_low,114.0,123.0,-1.5911402711945755,0.0,5.0,1.0","Human,back,fist,114.5,129.5,0.6661999701831434,0.0,1.0,1.0","Human,back,leg,92.0,136.0,-14.93141717813755,0.0,2.0,1.0","Human,back,foot,90.0,149.0,-4.969740728110295,0.0,8.0,1.0","Human,back,leg,106.0,134.5,11.309932474020215,0.0,8.0,1.0","Human,back,foot,108.5,142.5,12.308015817427929,0.0,12.0,1.0","back,base,81.0,142.0,-10.43747535111818,0.0,2.0,1.1","back,base,116.5,140.5,5.024075258539554,0.0,5.0,1.0","0","1.0","1.0","0","0","0","0","0","0","0","0","0","0","0","0","0","0","0","0","0","0","0","0","0","0","1.0","",""
"Human_Sub_1hand_Slash_1/1","Human,back,head,100.5,95.5,0.0,0.0,5.0,1.0","1.0","1.0","Human,back,body,100.0,119.5,-3.0127875041833363,0.0,6.0,1.0","Human,back,arm_up,87.5,116.5,-10.042023635529503,0.0,10.0,1.0","Human,back,arm_low,85.0,124.0,-5.492324557127432,0.0,2.0,1.0","Human,back,fist,85.5,130.5,-8.857958763628346,0.0,3.0,1.0","Human,back,arm_up,113.0,110.0,127.36666941276869,1.0,13.0,1.0","Human,back,arm_low,118.0,103.0,164.00641590227005,0.0,12.0,1.0","Human,back,fist,120.5,97.5,-178.48459209997787,0.0,11.0,1.0","Human,back,leg,92.0,137.0,-4.573921259900857,0.0,2.0,1.0","Human,back,foot,91.5,149.0,-4.969740728110295,0.0,8.0,1.0","Human,back,leg,105.5,132.5,12.339087278326204,0.0,8.0,1.0","Human,back,foot,107.5,142.5,8.259437979878811,0.0,12.0,1.0","back,base,82.0,142.0,-14.74356283647073,0.0,2.0,1.1","front,base,120.5,95.5,-161.3232982678099,0.0,0.0,1.0","0","1.0","1.0","0","0","0","0","0","0","0","0","0","0","0","0","0","0","0","0","0","0","0","0","0","0","1.0","",""
"Human_Sub_1hand_Slash_1/2","Human,back,head,100.0,97.0,0.0,0.0,5.0,1.0","1.0","1.0","Human,back,body,100.0,120.0,-3.0127875041833363,0.0,6.0,1.0","Human,back,arm_up,87.5,116.5,-20.136303428248127,0.0,10.0,1.0","Human,back,arm_low,85.0,124.5,-5.710593137499629,0.0,2.0,1.0","Human,back,fist,84.5,130.5,-8.857958763628346,0.0,3.0,1.0","Human,back,arm_up,113.0,115.5,8.426969021480673,1.0,13.0,1.0","Human,back,arm_low,115.5,119.5,14.322719978203565,0.0,12.0,1.0","Human,back,fist,116.0,122.5,3.1108406534907687,0.0,11.0,1.0","Human,back,leg,92.0,136.0,-14.93141717813755,0.0,2.0,1.0","Human,back,foot,90.0,149.0,-4.969740728110295,0.0,8.0,1.0","Human,back,leg,106.0,134.5,11.309932474020215,0.0,8.0,1.0","Human,back,foot,108.5,142.5,12.308015817427929,0.0,12.0,1.0","back,base,81.0,142.0,-10.43747535111818,0.0,2.0,1.1","back,top,116.0,121.0,5.767888897914148,0.0,0.0,1.0","0","1.0","1.0","0","0","0","0","0","0","0","0","0","0","0","0","0","0","0","0","0","0","0","0","0","0","1.0","",""
"Human_Sub_1hand_Slash_1/3","Human,back,head,100.5,98.5,0.0,0.0,5.0,1.0","1.0","1.0","Human,back,body,100.0,120.0,-3.0127875041833363,0.0,6.0,1.0","Human,back,arm_up,87.5,116.5,-34.380344723844864,0.0,10.0,1.0","Human,back,arm_low,83.5,124.5,-15.52411099675426,0.0,2.0,1.0","Human,back,fist,81.5,132.0,-8.857958763628346,0.0,3.0,1.0","Human,back,arm_up,112.5,116.0,8.426969021480673,1.0,6.0,1.0","Human,back,arm_low,114.0,125.5,7.495857639729863,0.0,6.0,1.2","Human,back,fist,115.5,134.5,3.1108406534907687,0.0,11.0,1.0","Human,back,leg,92.0,137.0,-9.865806943084365,0.0,2.0,1.0","Human,back,foot,90.5,150.0,-4.969740728110295,0.0,8.0,1.0","Human,back,leg,106.0,135.5,11.309932474020215,0.0,8.0,1.0","Human,back,foot,108.5,144.0,12.308015817427929,0.0,12.0,1.0","back,base,79.5,143.0,-10.43747535111818,0.0,2.0,1.1","back,front,116.5,144.5,2.0700306530411012,0.0,12.0,1.0","0","1.0","1.0","0","0","0","0","0","0","0","0","0","0","0","0","0","0","0","0","0","0","0","0","0","0","1.0","",""
"Human_Sub_1hand_Slash_2/0","Human,back,head,100.5,96.0,0.0,0.0,5.0,1.0","1.0","1.0","Human,back,body,100.0,119.5,-3.5763343749973444,0.0,6.0,1.0","Human,back,arm_up,87.5,116.5,-16.557071375636653,0.0,10.0,1.0","Human,back,arm_low,84.5,125.5,-5.492324557127432,0.0,2.0,1.0","Human,back,fist,84.0,132.5,-8.857958763628346,0.0,1.0,1.0","Human,back,arm_up,111.5,117.5,-26.767508919296183,1.0,5.0,1.0","Human,back,arm_low,103.5,122.0,-85.27554830282911,0.0,5.0,1.0","Human,back,fist,96.5,122.0,-99.90418321297388,0.0,1.0,1.0","Human,back,leg,92.0,136.5,-4.573921259900857,0.0,2.0,1.0","Human,back,foot,91.5,148.0,-4.969740728110295,0.0,8.0,1.0","Human,back,leg,105.5,132.5,12.339087278326204,0.0,8.0,1.0","Human,back,foot,108.5,144.5,10.080597987542319,0.0,12.0,1.0","back,base,82.0,143.5,-8.601384858714894,0.0,2.0,1.1","back,front,82.0,122.5,-87.64670313389169,0.0,2.0,1.0","0","1.0","1.0","0","0","0","0","0","0","0","0","0","0","0","0","0","0","0","0","0","0","0","0","0","0","1.0","",""
"Human_Sub_1hand_Slash_2/1","Human,back,head,100.5,98.0,0.0,0.0,5.0,1.0","1.0","1.0","Human,back,body,100.0,119.5,-3.0127875041833363,0.0,6.0,1.0","Human,back,arm_up,87.5,116.5,-10.042023635529503,0.0,10.0,1.0","Human,back,arm_low,85.0,124.0,-5.492324557127432,0.0,2.0,1.0","Human,back,fist,85.5,130.5,-8.857958763628346,0.0,3.0,1.0","Human,back,arm_up,112.0,118.5,-12.946509515636933,1.0,5.0,1.0","Human,back,arm_low,107.5,126.0,-53.383248480929346,0.0,5.0,1.0","Human,back,fist,101.0,130.0,-45.863690044599586,0.0,1.0,1.0","Human,back,leg,92.0,137.0,-4.573921259900857,0.0,2.0,1.0","Human,back,foot,91.5,149.0,-4.969740728110295,0.0,8.0,1.0","Human,back,leg,105.5,132.5,12.339087278326204,0.0,8.0,1.0","Human,back,foot,107.5,142.5,8.259437979878811,0.0,12.0,1.0","back,base,82.0,142.0,-14.74356283647073,0.0,2.0,1.1","back,front,88.0,135.0,-67.5741380786482,0.0,2.0,1.0","0","1.0","1.0","0","0","0","0","0","0","0","0","0","0","0","0","0","0","0","0","0","0","0","0","0","0","1.0","",""
"Human_Sub_1hand_Slash_2/2","Human,back,head,100.5,98.0,0.0,0.0,5.0,1.0","1.0","1.0","Human,back,body,100.0,120.0,-3.0127875041833363,0.0,6.0,1.0","Human,back,arm_up,87.5,116.5,-20.136303428248127,0.0,10.0,1.0","Human,back,arm_low,85.0,124.5,-5.710593137499629,0.0,2.0,1.0","Human,back,fist,84.5,130.5,-8.857958763628346,0.0,3.0,1.0","Human,back,arm_up,112.5,117.0,-1.2730300200567086,1.0,5.0,1.0","Human,back,arm_low,109.0,126.0,-18.838433557980764,0.0,5.0,1.0","Human,back,fist,107.5,133.0,-45.863690044599586,0.0,1.0,1.0","Human,back,leg,92.0,136.0,-14.93141717813755,0.0,2.0,1.0","Human,back,foot,90.0,149.0,-4.969740728110295,0.0,8.0,1.0","Human,back,leg,106.0,134.5,11.309932474020215,0.0,8.0,1.0","Human,back,foot,108.5,142.5,12.308015817427929,0.0,12.0,1.0","back,base,81.0,142.0,-10.43747535111818,0.0,2.0,1.1","back,base,105.0,146.0,-2.181641403551467,0.0,2.0,1.0","0","1.0","1.0","0","0","0","0","0","0","0","0","0","0","0","0","0","0","0","0","0","0","0","0","0","0","1.0","",""
"Human_Sub_1hand_Slash_2/3","Human,back,head,100.5,97.0,0.0,0.0,5.0,1.0","1.0","1.0","Human,back,body,100.0,120.0,-3.0127875041833363,0.0,6.0,1.0","Human,back,arm_up,87.5,116.5,-34.380344723844864,0.0,10.0,1.0","Human,back,arm_low,83.5,124.5,-15.52411099675426,0.0,2.0,1.0","Human,back,fist,81.5,132.0,-8.857958763628346,0.0,3.0,1.0","Human,back,arm_up,117.0,113.0,77.63750758428571,1.0,5.0,1.0","Human,back,arm_low,124.0,114.0,89.24115987573146,0.0,1.0,1.0","Human,back,fist,132.0,115.5,86.2245341757102,0.0,2.0,1.0","Human,back,leg,92.0,137.0,-9.865806943084365,0.0,2.0,1.0","Human,back,foot,90.5,150.0,-4.969740728110295,0.0,8.0,1.0","Human,back,leg,106.0,135.5,11.309932474020215,0.0,8.0,1.0","Human,back,foot,108.5,144.0,12.308015817427929,0.0,12.0,1.0","back,base,79.5,143.0,-10.43747535111818,0.0,2.0,1.1","back,base,144.0,116.0,81.05461816646107,0.0,2.0,1.0","0","1.0","1.0","0","0","0","0","0","0","0","0","0","0","0","0","0","0","0","0","0","0","0","0","0","0","1.0","",""
"Human_Main_2hand_Slash_1/0","Human,back,head,100.5,96.0,0.0,0.0,5.0,1.0","1.0","1.0","Human,back,body,100.0,119.5,0.0,0.0,6.0,1.0","Human,back,arm_up,88.5,117.0,26.56505117707799,0.0,4.0,0.9","Human,back,arm_low,92.5,120.5,121.7014296695057,0.0,3.0,1.0","Human,back,fist,97.0,117.0,100.3448574814752,0.0,1.0,1.0","Human,back,arm_up,110.0,117.0,-30.17352002964433,1.0,5.0,1.0","Human,back,arm_low,103.5,123.0,81.8218710187744,0.0,6.0,1.0","Human,back,fist,98.5,122.0,110.92450174492114,0.0,1.0,1.0","Human,back,leg,94.0,135.0,-4.573921259900857,0.0,7.0,1.0","Human,back,foot,92.5,147.5,-9.246112745563238,0.0,8.0,1.0","Human,back,leg,107.5,136.0,5.042451069170923,0.0,6.0,1.0","Human,back,foot,108.5,149.0,6.170175095029606,0.0,10.0,1.0","back,base,97.0,93.0,-179.3489396197705,0.0,2.0,1.0","back,front,95.0,116.5,33.11134196037203,0.0,15.0,1.0","0","1.0","1.0","0","0","0","0","0","0","0","0","0","0","0","0","0","0","0","0","0","0","0","0","0","0","1.0","hold",""
"Human_Main_2hand_Slash_1/1","Human,back,head,100.5,95.0,0.0,0.0,5.0,1.0","1.0","1.0","Human,back,body,100.0,119.5,0.0,0.0,6.0,1.0","Human,back,arm_up,90.0,111.5,167.00538320808352,0.0,4.0,1.0","Human,back,arm_low,92.5,100.5,170.10607933026458,0.0,3.0,1.0","Human,back,fist,94.0,93.0,86.30861401354872,0.0,1.0,1.0","Human,back,arm_up,106.5,111.0,-142.30575953331083,1.0,5.0,1.0","Human,back,arm_low,100.5,104.0,-130.38364790644897,0.0,4.0,1.0","Human,back,fist,94.0,98.0,-2.83878784100537,0.0,1.0,1.0","Human,back,leg,94.5,134.5,-4.573921259900857,0.0,7.0,1.0","Human,back,foot,92.5,146.0,-5.9468630539734875,0.0,8.0,1.0","Human,back,leg,107.5,135.5,5.042451069170923,0.0,6.0,1.0","Human,back,foot,108.5,148.5,6.170175095029606,0.0,10.0,1.0","back,base,96.5,74.0,173.65980825409008,0.0,5.0,0.8","back,front,95.0,116.5,33.11134196037203,0.0,15.0,1.0","0","1.0","1.0","0","0","0","0","0","0","0","0","0","0","0","0","0","0","0","0","0","0","0","0","0","0","1.0","",""
"Human_Main_2hand_Slash_1/2","Human,back,head,100.0,98.5,0.0,0.0,5.0,1.0","1.0","1.0","Human,back,body,100.0,119.5,0.0,0.0,6.0,1.0","Human,back,arm_up,88.5,116.5,11.768288932020653,0.0,4.0,0.8","Human,back,arm_low,89.0,115.5,150.25511870305778,0.0,3.0,0.8","Human,back,fist,93.0,113.0,86.30861401354872,0.0,1.0,1.0","Human,back,arm_up,110.5,117.0,-45.0,1.0,5.0,1.0","Human,back,arm_low,101.5,120.5,-101.39532105389284,0.0,6.0,1.0","Human,back,fist,93.0,118.0,-2.83878784100537,0.0,1.0,1.0","Human,back,leg,94.5,133.0,-4.573921259900857,0.0,7.0,1.0","Human,back,foot,93.5,144.5,-5.9468630539734875,0.0,8.0,1.0","Human,back,leg,107.5,136.0,5.042451069170923,0.0,6.0,1.0","Human,back,foot,108.5,149.5,6.170175095029606,0.0,10.0,1.0","back,base,95.0,93.5,173.97442499163333,0.0,5.0,0.8","back,front,95.0,116.5,33.11134196037203,0.0,15.0,1.0","0","1.0","1.0","0","0","0","0","0","0","0","0","0","0","0","0","0","0","0","0","0","0","0","0","0","0","1.0","",""
"Human_Main_2hand_Slash_1/3","Human,back,head,100.0,100.0,0.0,0.0,5.0,1.0","1.0","1.0","Human,back,body,100.0,119.5,0.0,0.0,6.0,1.0","Human,back,arm_up,89.0,119.5,11.768288932020653,0.0,4.0,1.0","Human,back,arm_low,91.0,130.0,19.872175819243907,0.0,3.0,1.0","Human,back,fist,95.0,138.5,-98.13010235415598,0.0,1.0,1.0","Human,back,arm_up,110.5,119.5,-26.56505117707799,1.0,5.0,1.0","Human,back,arm_low,102.5,127.5,-53.13010235415598,0.0,5.0,1.0","Human,back,fist,97.0,133.0,-2.83878784100537,0.0,1.0,1.0","Human,back,leg,94.5,132.5,-10.840305454330561,0.0,7.0,1.0","Human,back,foot,92.5,140.5,-18.00416160591338,0.0,8.0,1.0","Human,back,leg,107.0,136.5,10.175510843043213,0.0,6.0,1.0","Human,back,foot,110.5,149.5,14.036243467926482,0.0,10.0,1.0","back,base,95.5,158.0,1.185260818622396,0.0,5.0,0.8","back,front,95.0,116.5,33.11134196037203,0.0,15.0,1.0","0","1.0","1.0","0","0","0","0","0","0","0","0","0","0","0","0","0","0","0","0","0","0","0","0","0","0","1.0","",""
"Human_Main_2hand_Slash_2/0","Human,back,head,100.5,96.5,0.0,0.0,5.0,1.0","1.0","1.0","Human,back,body,100.0,119.5,-3.5763343749973444,0.0,6.0,1.0","Human,back,arm_up,87.5,116.5,-28.072486935852957,0.0,10.0,1.0","Human,back,arm_low,88.0,119.5,-68.93102506806878,0.0,2.0,1.0","Human,back,fist,95.0,117.0,132.27368900609375,0.0,1.0,1.0","Human,back,arm_up,110.5,117.5,-26.767508919296183,1.0,5.0,1.0","Human,back,arm_low,103.5,122.0,-85.27554830282911,0.0,5.0,1.0","Human,back,fist,96.5,122.0,-99.90418321297388,0.0,1.0,1.0","Human,back,leg,92.0,136.5,-4.573921259900857,0.0,2.0,1.0","Human,back,foot,91.5,148.0,-4.969740728110295,0.0,8.0,1.0","Human,back,leg,105.5,132.5,12.339087278326204,0.0,8.0,1.0","Human,back,foot,108.5,144.5,10.080597987542319,0.0,12.0,1.0","back,base,95.0,92.0,178.82285511401795,0.0,2.0,1.1","back,front,95.0,116.5,33.11134196037203,0.0,15.0,1.0","0","1.0","1.0","0","0","0","0","0","0","0","0","0","0","0","0","0","0","0","0","0","0","0","0","0","0","1.0","hold",""
"Human_Main_2hand_Slash_2/1","Human,back,head,100.5,97.5,0.0,0.0,5.0,1.0","1.0","1.0","Human,back,body,100.0,121.0,-3.0127875041833363,0.0,6.0,1.0","Human,back,arm_up,87.5,116.5,-31.865977693603675,0.0,10.0,1.0","Human,back,arm_low,86.5,117.0,167.9052429229879,0.0,2.0,0.8","Human,back,fist,87.0,119.0,45.0,0.0,1.0,1.0","Human,back,arm_up,108.5,119.5,-34.59228868750994,1.0,5.0,1.0","Human,back,arm_low,98.5,123.5,-100.53918372862823,0.0,5.0,1.0","Human,back,fist,90.5,122.5,-45.863690044599586,0.0,1.0,1.0","Human,back,leg,92.0,137.0,-4.573921259900857,0.0,2.0,1.0","Human,back,foot,91.5,149.0,-4.969740728110295,0.0,8.0,1.0","Human,back,leg,105.5,132.5,12.339087278326204,0.0,8.0,1.0","Human,back,foot,107.5,142.5,8.259437979878811,0.0,12.0,1.0","back,base,74.0,102.0,-141.84277341263095,0.0,2.0,0.9","back,front,95.0,116.5,33.11134196037203,0.0,15.0,1.0","0","1.0","1.0","0","0","0","0","0","0","0","0","0","0","0","0","0","0","0","0","0","0","0","0","0","0","1.0","",""
"Human_Main_2hand_Slash_2/2","Human,back,head,100.5,98.0,0.0,0.0,5.0,1.0","1.0","1.0","Human,back,body,100.5,120.0,-3.0127875041833363,0.0,6.0,1.0","Human,back,arm_up,89.0,116.0,21.948699083526975,0.0,10.0,1.0","Human,back,arm_low,92.0,122.5,36.32682595212023,0.0,2.0,1.0","Human,back,fist,97.5,133.5,-169.8592068538872,0.0,1.0,1.0","Human,back,arm_up,110.5,117.5,-18.758650347842234,1.0,6.0,1.0","Human,back,arm_low,104.5,125.0,-61.699244233993625,0.0,5.0,1.0","Human,back,fist,96.5,128.0,-179.60756929065911,0.0,1.0,1.0","Human,back,leg,92.0,136.0,-14.93141717813755,0.0,2.0,1.0","Human,back,foot,90.0,149.0,-4.969740728110295,0.0,8.0,1.0","Human,back,leg,106.0,134.5,11.309932474020215,0.0,8.0,1.0","Human,back,foot,108.5,142.5,12.308015817427929,0.0,12.0,1.0","back,base,107.0,155.0,22.285587646832766,0.0,2.0,1.0","back,front,95.0,116.5,33.11134196037203,0.0,15.0,1.0","0","1.0","1.0","0","0","0","0","0","0","0","0","0","0","0","0","0","0","0","0","0","0","0","0","0","0","1.0","",""
"Human_Main_2hand_Slash_2/3","Human,back,head,101.5,97.0,0.0,0.0,5.0,1.0","1.0","1.0","Human,back,body,101.0,120.0,-3.0127875041833363,0.0,6.0,1.0","Human,back,arm_up,96.5,116.5,76.20913310263902,0.0,6.0,1.0","Human,back,arm_low,108.5,118.0,86.23147029086462,0.0,2.0,1.0","Human,back,fist,116.5,116.5,-174.66784111834045,0.0,3.0,1.0","Human,back,arm_up,110.0,113.0,77.63750758428571,1.0,8.0,1.0","Human,back,arm_low,111.5,114.0,89.24115987573146,0.0,7.0,1.0","Human,back,fist,116.0,115.5,86.2245341757102,0.0,5.0,1.0","Human,back,leg,93.0,137.0,-9.865806943084365,0.0,2.0,1.0","Human,back,foot,91.5,150.0,-4.969740728110295,0.0,8.0,1.0","Human,back,leg,107.0,135.5,11.309932474020215,0.0,8.0,1.0","Human,back,foot,109.5,144.0,12.308015817427929,0.0,12.0,1.0","back,base,135.5,99.0,133.69804732742114,0.0,4.0,1.1","back,front,96.0,116.5,33.11134196037203,0.0,15.0,1.0","0","1.0","1.0","0","0","0","0","0","0","0","0","0","0","0","0","0","0","0","0","0","0","0","0","0","0","1.0","",""
"Human_Main_2hand_reload/0","Human,back,head,101.0,97.5,0.0,0.0,5.0,1.0","1.0","1.0","Human,back,body,100.0,119.5,0.0,0.0,6.0,1.0","Human,back,arm_up,88.5,116.0,-13.535856369134251,0.0,4.0,1.0","Human,back,arm_low,87.5,119.0,-12.380756928807173,0.0,6.0,1.0","Human,back,fist,87.0,122.5,98.93561384258174,0.0,1.0,1.0","Human,back,arm_up,112.0,114.5,19.983106521899984,1.0,7.0,1.0","Human,back,arm_low,114.5,123.0,6.842773412630947,0.0,8.0,1.0","Human,back,fist,115.5,130.0,3.5763343749973586,0.0,1.0,1.0","Human,back,leg,93.0,137.5,-4.573921259900857,0.0,6.0,1.0","Human,back,foot,91.0,149.0,-8.246320814468532,0.0,8.0,1.0","Human,back,leg,107.0,134.5,5.042451069170923,0.0,7.0,1.0","Human,back,foot,109.0,145.0,10.22216863363613,0.0,10.0,1.0","back,base,89.5,119.0,-8.746162262555202,0.0,2.0,1.0","back,front,95.5,116.5,33.11134196037203,0.0,15.0,1.0","0","1.0","1.0","0","0","0","0","0","0","0","0","0","0","0","0","0","0","0","0","0","0","0","0","0","0","1.0","hold",""
"Human_Main_2hand_reload/1","Human,back,head,99.0,96.5,0.0,0.0,5.0,1.0","1.0","1.0","Human,side,body,98.0,120.0,0.0,0.0,7.0,0.8","Human,back,arm_up,91.0,115.5,-13.535856369134251,0.0,4.0,0.8","Human,back,arm_low,91.5,116.0,-12.380756928807173,0.0,3.0,0.9","Human,back,fist,91.0,119.5,8.952473334154163,0.0,1.0,1.0","Human,back,arm_up,107.5,113.0,-22.328656378019147,1.0,6.0,0.9","Human,back,arm_low,103.0,115.5,-84.28940686250036,0.0,6.0,1.0","Human,back,fist,96.0,116.0,3.8140748342903663,0.0,2.0,1.0","Human,back,leg,94.0,134.5,2.602562202499797,0.0,8.0,1.0","Human,back,foot,94.0,145.0,-3.5763343749973444,0.0,8.0,1.1","Human,back,leg,103.0,132.5,9.462322208025626,0.0,9.0,0.9","Human,back,foot,104.5,139.5,11.07020257793937,0.0,17.0,0.9","back,draw1,95.5,115.5,169.0841175683069,0.0,2.0,0.9","back,front,99.5,110.0,-23.846817975239034,0.0,15.0,1.0","0","1.0","1.0","0","0","0","0","0","0","0","0","0","0","0","0","0","0","0","0","0","0","0","0","0","0","1.0","",""
"Human_Main_2hand_reload/2","Human,back,head,99.5,95.5,0.0,0.0,5.0,1.0","1.0","1.0","Human,side,body,98.0,120.0,0.0,0.0,7.0,0.8","Human,back,arm_up,91.0,115.5,-13.535856369134251,0.0,4.0,0.8","Human,back,arm_low,91.5,116.0,-12.380756928807173,0.0,3.0,0.9","Human,back,fist,93.0,117.5,-8.02723751043196,0.0,1.0,1.0","Human,back,arm_up,105.5,111.0,97.37376636133021,1.0,6.0,1.0","Human,back,arm_low,105.0,113.5,-61.645038214675935,0.0,6.0,1.0","Human,back,fist,99.0,116.0,3.8140748342903663,0.0,2.0,1.0","Human,back,leg,94.0,134.5,2.602562202499797,0.0,8.0,1.0","Human,back,foot,94.0,147.0,-3.5763343749973444,0.0,8.0,1.1","Human,back,leg,103.0,130.0,9.462322208025626,0.0,9.0,0.9","Human,back,foot,104.0,137.5,11.07020257793937,0.0,17.0,0.9","back,draw2,95.0,115.5,165.74296464034992,0.0,2.0,0.9","back,front,99.0,115.5,-24.120983119442585,0.0,15.0,1.0","0","1.0","1.0","0","0","0","0","0","0","0","0","0","0","0","0","0","0","0","0","0","0","0","0","0","0","1.0","",""
"Human_Main_2hand_reload/3","Human,back,head,99.5,96.0,-2.136910853757243,0.0,5.0,1.0","1.0","1.0","Human,side,body,98.0,120.0,-6.340191745909905,0.0,7.0,0.8","Human,back,arm_up,91.0,115.5,-13.535856369134251,0.0,4.0,0.8","Human,back,arm_low,91.5,116.0,-12.380756928807173,0.0,3.0,0.9","Human,back,fist,93.0,117.5,-8.02723751043196,0.0,1.0,1.0","Human,back,arm_up,107.0,111.5,115.6768156818382,1.0,6.0,0.8","Human,back,arm_low,106.5,111.5,-54.78240703180729,0.0,6.0,0.9","Human,back,fist,100.5,116.0,3.8140748342903663,0.0,2.0,1.0","Human,back,leg,94.0,133.5,-2.6630007660671424,0.0,8.0,1.0","Human,back,foot,94.5,146.5,-1.1691393279074163,0.0,8.0,1.1","Human,back,leg,103.0,128.5,9.462322208025626,0.0,9.0,0.9","Human,back,foot,105.5,135.5,11.07020257793937,0.0,17.0,0.9","back,draw3,95.0,115.0,170.71644719473863,0.0,2.0,0.9","back,front,99.0,115.5,-24.120983119442585,0.0,15.0,1.0","0","1.0","1.0","0","0","0","0","0","0","0","0","0","0","0","0","0","0","0","0","0","0","0","0","0","0","1.0","",""
"Human_Main_2pole_Pierce_1/0","Human,back,head,100.5,96.5,0.0,0.0,5.0,1.0","1.0","1.0","Human,back,body,100.0,119.5,0.0,0.0,6.0,1.0","Human,back,arm_up,89.0,115.5,-38.04704253182609,0.0,4.0,0.9","Human,back,arm_low,88.5,122.0,11.842076115327771,0.0,3.0,1.0","Human,back,fist,89.5,128.0,100.3448574814752,0.0,1.0,1.0","Human,back,arm_up,107.5,118.5,-34.99202019855866,1.0,5.0,1.0","Human,back,arm_low,99.5,127.0,-43.22853025996592,0.0,6.0,1.0","Human,back,fist,92.0,132.5,110.92450174492114,0.0,1.0,1.0","Human,back,leg,94.0,135.0,-4.573921259900857,0.0,7.0,1.0","Human,back,foot,92.5,147.5,-9.246112745563238,0.0,8.0,1.0","Human,back,leg,107.5,136.0,5.042451069170923,0.0,6.0,1.0","Human,back,foot,108.5,149.0,6.170175095029606,0.0,10.0,1.0","back,base,90.0,131.5,4.436474485657371,0.0,6.0,1.0","back,front,95.0,116.5,33.11134196037203,0.0,15.0,1.0","0","1.0","1.0","0","0","0","0","0","0","0","0","0","0","0","0","0","0","0","0","0","0","0","0","0","0","1.0","hold",""
"Human_Main_2pole_Pierce_1/1","Human,back,head,100.5,98.0,0.0,0.0,5.0,1.0","1.0","1.0","Human,back,body,100.0,119.5,0.0,0.0,6.0,1.0","Human,back,arm_up,88.0,116.5,-17.417970792202837,0.0,4.0,0.9","Human,back,arm_low,88.5,126.0,11.842076115327771,0.0,3.0,1.0","Human,back,fist,89.5,131.0,100.3448574814752,0.0,1.0,1.0","Human,back,arm_up,107.5,119.5,-46.08092418666068,1.0,5.0,1.1","Human,back,arm_low,98.0,128.0,-43.22853025996592,0.0,6.0,1.1","Human,back,fist,91.0,136.0,140.47736872882888,0.0,1.0,1.2","Human,back,leg,94.5,134.5,-4.573921259900857,0.0,7.0,1.0","Human,back,foot,92.5,146.0,-5.9468630539734875,0.0,8.0,1.0","Human,back,leg,107.5,135.5,5.042451069170923,0.0,6.0,1.0","Human,back,foot,108.5,148.5,6.170175095029606,0.0,10.0,1.0","back,base,90.0,138.0,4.085616779974885,0.0,6.0,1.0","back,front,95.0,116.5,33.11134196037203,0.0,15.0,1.0","0","1.0","1.0","0","0","0","0","0","0","0","0","0","0","0","0","0","0","0","0","0","0","0","0","0","0","1.0","",""
"Human_Main_2pole_Pierce_1/2","Human,back,head,100.0,100.0,0.0,0.0,5.0,1.0","1.0","1.0","Human,back,body,100.0,119.5,0.0,0.0,6.0,1.0","Human,back,arm_up,89.0,119.5,-17.417970792202837,0.0,4.0,0.9","Human,back,arm_low,89.0,129.0,11.842076115327771,0.0,3.0,1.0","Human,back,fist,90.5,131.5,100.3448574814752,0.0,1.0,1.0","Human,back,arm_up,107.5,122.5,-23.96248897457818,1.0,5.0,1.1","Human,back,arm_low,100.0,131.5,-55.00797980144134,0.0,6.0,1.1","Human,back,fist,92.5,137.5,0.9166542563853,0.0,1.0,1.2","Human,back,leg,94.5,132.5,-10.840305454330561,0.0,7.0,1.0","Human,back,foot,92.5,140.5,-18.00416160591338,0.0,8.0,1.0","Human,back,leg,107.0,136.5,10.175510843043213,0.0,6.0,1.0","Human,back,foot,110.5,149.5,14.036243467926482,0.0,10.0,1.0","back,base,92.5,144.5,6.648645183268911,0.0,6.0,1.0","back,front,95.0,116.5,33.11134196037203,0.0,15.0,1.0","0","1.0","1.0","0","0","0","0","0","0","0","0","0","0","0","0","0","0","0","0","0","0","0","0","0","0","1.0","",""
"Human_Main_2pole_Pierce_2/0","Human,back,head,100.5,96.5,0.0,0.0,1.0,1.0","1.0","1.0","Human,back,body,100.0,119.5,0.0,0.0,6.0,1.0","Human,back,arm_up,89.0,111.5,167.00538320808352,0.0,4.0,1.0","Human,back,arm_low,91.5,104.5,156.9148663271917,0.0,3.0,1.0","Human,back,fist,94.0,97.5,86.30861401354872,0.0,3.0,1.0","Human,back,arm_up,106.0,115.0,-105.94539590092285,1.0,5.0,1.0","Human,back,arm_low,101.0,112.0,-130.38364790644897,0.0,4.0,1.0","Human,back,fist,96.5,108.0,-2.83878784100537,0.0,4.0,1.0","Human,back,leg,94.0,135.0,-4.573921259900857,0.0,7.0,1.0","Human,back,foot,92.5,147.5,-9.246112745563238,0.0,8.0,1.0","Human,back,leg,107.5,136.0,5.042451069170923,0.0,6.0,1.0","Human,back,foot,108.5,149.0,6.170175095029606,0.0,10.0,1.0","back,base,95.0,109.0,7.707485722964989,0.0,2.0,0.8","back,front,95.0,116.5,33.11134196037203,0.0,15.0,1.0","0","1.0","1.0","0","0","0","0","0","0","0","0","0","0","0","0","0","0","0","0","0","0","0","0","0","0","1.0","hold",""
"Human_Main_2pole_Pierce_2/1","Human,back,head,100.5,97.5,0.0,0.0,1.0,1.0","1.0","1.0","Human,back,body,100.0,119.5,0.0,0.0,6.0,1.0","Human,back,arm_up,89.0,111.5,144.46232220802563,0.0,4.0,1.0","Human,back,arm_low,92.5,105.5,156.9148663271917,0.0,3.0,1.0","Human,back,fist,95.0,99.0,86.30861401354872,0.0,2.0,1.0","Human,back,arm_up,107.0,116.5,-46.735704588928385,1.0,5.0,1.0","Human,back,arm_low,101.0,116.0,-130.38364790644897,0.0,4.0,1.0","Human,back,fist,96.5,112.0,-2.83878784100537,0.0,2.0,1.0","Human,back,leg,94.5,134.5,-4.573921259900857,0.0,7.0,1.0","Human,back,foot,92.5,146.0,-5.9468630539734875,0.0,8.0,1.0","Human,back,leg,107.5,135.5,5.042451069170923,0.0,6.0,1.0","Human,back,foot,108.5,148.5,6.170175095029606,0.0,10.0,1.0","back,base,95.0,117.0,3.433630362450515,0.0,2.0,0.8","back,front,95.0,116.5,33.11134196037203,0.0,15.0,1.0","0","1.0","1.0","0","0","0","0","0","0","0","0","0","0","0","0","0","0","0","0","0","0","0","0","0","0","1.0","",""
"Human_Main_2pole_Pierce_2/2","Human,back,head,100.0,98.5,0.0,0.0,1.0,1.0","1.0","1.0","Human,back,body,100.0,119.5,0.0,0.0,6.0,1.0","Human,back,arm_up,90.5,114.0,21.476790979540397,0.0,6.0,1.0","Human,back,arm_low,92.5,119.0,26.337688166087432,0.0,3.0,1.0","Human,back,fist,95.5,124.5,86.30861401354872,0.0,1.0,1.0","Human,back,arm_up,108.5,121.0,-31.122470196791994,1.0,5.0,1.0","Human,back,arm_low,101.0,130.0,-43.91907581333931,0.0,4.0,1.0","Human,back,fist,96.5,134.5,-2.83878784100537,0.0,1.0,1.0","Human,back,leg,94.5,132.5,-10.840305454330561,0.0,7.0,1.0","Human,back,foot,92.5,140.5,-18.00416160591338,0.0,8.0,1.0","Human,back,leg,107.0,136.5,10.175510843043213,0.0,6.0,1.0","Human,back,foot,110.5,149.5,14.036243467926482,0.0,10.0,1.0","back,base,94.0,136.5,2.1323684365540174,0.0,2.0,0.8","back,front,95.0,116.5,33.11134196037203,0.0,15.0,1.0","0","1.0","1.0","0","0","0","0","0","0","0","0","0","0","0","0","0","0","0","0","0","0","0","0","0","0","1.0","",""
"Human_Main_2pole_Slash_1/0","Human,back,head,100.5,97.0,0.0,0.0,5.0,1.0","1.0","1.0","Human,back,body,100.0,119.5,0.0,0.0,6.0,1.0","Human,back,arm_up,89.0,116.5,-10.7842978675626,0.0,4.0,0.9","Human,back,arm_low,92.5,120.5,121.7014296695057,0.0,3.0,1.0","Human,back,fist,97.0,117.0,100.3448574814752,0.0,1.0,1.0","Human,back,arm_up,110.0,117.0,-30.17352002964433,1.0,5.0,1.0","Human,back,arm_low,103.5,123.0,-69.55045238920742,0.0,6.0,1.0","Human,back,fist,96.5,124.0,110.92450174492114,0.0,1.0,1.0","Human,back,leg,94.0,135.0,-4.573921259900857,0.0,7.0,1.0","Human,back,foot,92.5,147.5,-9.246112745563238,0.0,8.0,1.0","Human,back,leg,107.5,136.0,5.042451069170923,0.0,6.0,1.0","Human,back,foot,108.5,149.0,6.170175095029606,0.0,10.0,1.0","back,base,97.0,93.0,-179.3489396197705,0.0,2.0,1.0","back,front,95.0,116.5,33.11134196037203,0.0,15.0,1.0","0","1.0","1.0","0","0","0","0","0","0","0","0","0","0","0","0","0","0","0","0","0","0","0","0","0","0","1.0","hold",""
"Human_Main_2pole_Slash_1/1","Human,back,head,101.5,95.5,0.0,0.0,5.0,1.0","1.0","1.0","Human,back,body,101.0,119.5,0.0,0.0,6.0,1.0","Human,back,arm_up,91.0,110.5,167.00538320808352,0.0,4.0,1.0","Human,back,arm_low,93.5,99.0,170.10607933026458,0.0,3.0,1.0","Human,back,fist,95.0,91.0,86.30861401354872,0.0,1.0,1.0","Human,back,arm_up,107.5,111.0,-142.30575953331083,1.0,5.0,1.0","Human,back,arm_low,101.5,104.0,-130.38364790644897,0.0,4.0,1.0","Human,back,fist,95.0,98.0,-2.83878784100537,0.0,1.0,1.0","Human,back,leg,95.5,134.5,-4.573921259900857,0.0,7.0,1.0","Human,back,foot,93.5,146.0,-5.9468630539734875,0.0,8.0,1.0","Human,back,leg,108.5,135.5,5.042451069170923,0.0,6.0,1.0","Human,back,foot,109.5,148.5,6.170175095029606,0.0,10.0,1.0","back,base,97.5,74.0,173.65980825409008,0.0,5.0,0.8","back,front,96.0,116.5,33.11134196037203,0.0,15.0,1.0","0","1.0","1.0","0","0","0","0","0","0","0","0","0","0","0","0","0","0","0","0","0","0","0","0","0","0","1.0","",""
"Human_Main_2pole_Slash_1/2","Human,back,head,101.0,98.5,0.0,0.0,5.0,1.0","1.0","1.0","Human,back,body,101.0,119.5,0.0,0.0,6.0,1.0","Human,back,arm_up,89.5,116.5,11.768288932020653,0.0,4.0,0.8","Human,back,arm_low,90.0,115.5,150.25511870305778,0.0,3.0,0.8","Human,back,fist,94.0,113.0,86.30861401354872,0.0,1.0,1.0","Human,back,arm_up,111.5,117.0,-45.0,1.0,5.0,1.0","Human,back,arm_low,102.5,120.5,-101.39532105389284,0.0,6.0,1.0","Human,back,fist,94.0,118.0,-2.83878784100537,0.0,1.0,1.0","Human,back,leg,95.5,133.0,-4.573921259900857,0.0,7.0,1.0","Human,back,foot,94.5,144.5,-5.9468630539734875,0.0,8.0,1.0","Human,back,leg,108.5,136.0,5.042451069170923,0.0,6.0,1.0","Human,back,foot,109.5,149.5,6.170175095029606,0.0,10.0,1.0","back,base,96.0,93.5,173.97442499163333,0.0,5.0,0.8","back,front,96.0,116.5,33.11134196037203,0.0,15.0,1.0","0","1.0","1.0","0","0","0","0","0","0","0","0","0","0","0","0","0","0","0","0","0","0","0","0","0","0","1.0","",""
"Human_Main_2pole_Slash_1/3","Human,back,head,101.0,100.0,0.0,0.0,5.0,1.0","1.0","1.0","Human,back,body,101.0,119.5,0.0,0.0,6.0,1.0","Human,back,arm_up,90.0,119.5,11.768288932020653,0.0,4.0,1.0","Human,back,arm_low,92.0,130.0,19.872175819243907,0.0,3.0,1.0","Human,back,fist,96.0,138.5,-98.13010235415598,0.0,1.0,1.0","Human,back,arm_up,111.5,119.5,-26.56505117707799,1.0,5.0,1.0","Human,back,arm_low,103.5,127.5,-53.13010235415598,0.0,5.0,1.0","Human,back,fist,98.0,133.0,-2.83878784100537,0.0,1.0,1.0","Human,back,leg,95.5,132.5,-10.840305454330561,0.0,7.0,1.0","Human,back,foot,93.5,140.5,-18.00416160591338,0.0,8.0,1.0","Human,back,leg,108.0,136.5,10.175510843043213,0.0,6.0,1.0","Human,back,foot,111.5,149.5,14.036243467926482,0.0,10.0,1.0","front,base,95.5,159.5,-2.3492786474801193,0.0,5.0,0.8","back,front,96.0,116.5,33.11134196037203,0.0,15.0,1.0","0","1.0","1.0","0","0","0","0","0","0","0","0","0","0","0","0","0","0","0","0","0","0","0","0","0","0","1.0","",""
"Human_Sub_shield_Bash_1/0","Human,back,head,100.0,96.0,0.0,0.0,5.0,1.0","1.0","1.0","Human,back,body,100.0,120.0,-3.0127875041833363,0.0,6.0,1.0","Human,back,arm_up,87.5,116.5,-20.136303428248127,0.0,10.0,1.0","Human,back,arm_low,85.0,124.5,-5.710593137499629,0.0,2.0,1.0","Human,back,fist,84.5,130.5,-8.857958763628346,0.0,3.0,1.0","Human,back,arm_up,112.5,116.5,-12.804266065286754,1.0,6.0,1.0","Human,back,arm_low,106.0,123.0,-77.27564431457763,0.0,5.0,1.0","Human,back,fist,100.5,124.5,-178.56790381583534,0.0,1.0,1.0","Human,back,leg,92.0,136.0,-14.93141717813755,0.0,2.0,1.0","Human,back,foot,90.0,149.0,-4.969740728110295,0.0,8.0,1.0","Human,back,leg,106.0,134.5,11.309932474020215,0.0,8.0,1.0","Human,back,foot,108.5,142.5,12.308015817427929,0.0,12.0,1.0","back,base,81.0,142.0,-10.43747535111818,0.0,2.0,1.1","back,block,102.0,125.0,5.024075258539554,0.0,1.0,1.0","0","1.0","1.0","0","0","0","0","0","0","0","0","0","0","0","0","0","0","0","0","0","0","0","0","0","0","1.0","hold",""
"Human_Sub_shield_Bash_1/1","Human,back,head,100.5,97.0,0.0,0.0,5.0,1.0","1.0","1.0","Human,back,body,100.0,119.5,-3.0127875041833363,0.0,6.0,1.0","Human,back,arm_up,87.5,116.5,-10.042023635529503,0.0,10.0,1.0","Human,back,arm_low,85.0,124.0,-5.492324557127432,0.0,2.0,1.0","Human,back,fist,85.5,130.5,-8.857958763628346,0.0,3.0,1.0","Human,back,arm_up,113.0,112.5,70.42687416958981,1.0,13.0,1.0","Human,back,arm_low,123.5,113.5,84.0118516242245,0.0,12.0,1.0","Human,back,fist,128.0,113.0,-178.48459209997787,0.0,11.0,1.0","Human,back,leg,92.0,137.0,-4.573921259900857,0.0,2.0,1.0","Human,back,foot,91.5,149.0,-4.969740728110295,0.0,8.0,1.0","Human,back,leg,105.5,132.5,12.339087278326204,0.0,8.0,1.0","Human,back,foot,107.5,142.5,8.259437979878811,0.0,12.0,1.0","back,base,82.0,142.0,-14.74356283647073,0.0,2.0,1.1","side,base,129.5,112.0,-172.54570118725155,0.0,18.0,0.8","0","1.0","1.0","0","0","0","0","0","0","0","0","0","0","0","0","0","0","0","0","0","0","0","0","0","0","1.0","",""
"Human&Horse_Default/0","Human,side,head,99.5,86.5,0.0,0.0,5.0,1.0","1.0","1.0","Human,side,body,101.0,118.5,0.0,0.0,6.0,1.0","Human,side,arm_up,89.5,114.0,0.0,0.0,4.0,1.0","Human,side,arm_low,89.5,125.0,0.0,0.0,3.0,1.0","Human,side,fist,89.5,134.0,0.0,0.0,1.0,1.0","Human,side,arm_up,110.5,114.5,0.0,0.0,13.0,1.0","Human,side,arm_low,110.5,124.0,0.0,0.0,12.0,1.0","Human,side,fist,110.5,134.0,0.0,0.0,11.0,1.0","Human,side,leg,95.0,136.5,0.0,0.0,7.0,1.0","Human,side,foot,96.5,150.0,0.0,0.0,8.0,1.0","Human,side,leg,107.5,137.0,0.0,0.0,9.0,1.0","Human,side,foot,108.5,150.5,0.0,0.0,10.0,1.0","side,base,105.5,133.5,87.82525588538996,0.0,2.0,1.0","0","0","1.0","1.0","0","0","0","0","0","0","0","0","0","0","0","0","0","0","0","0","0","0","0","0","0","0","1.0","",""
