"ID","Name","ImageID","Grade","Race","Properties","Abilities","Cost","Upkeep","Melee Attack","Melee Defense","Range Defense","Armour","Accuracy","Range","Ammunition","Reload","Charge","Charge Skill","Health","Stamina","Mana","Melee Weapon","Range Weapon","Morale","Discipline","Sight","Size","Troop","Unit Type","Mount","Spell","Item","Description"
1,"Training Dummies",0,1,1,"34,57,58","36,48",,,1,100,3,"1,0",6,7,0,9,10,21,100,100,0,"2,3","1,0",90,80,,1,1,1,1,,,"Training dummies as the name suggest are a group of training dummies. What else do you expect from training dummies? They are training dummies."
2,"Swordsmen",0,1,1,"0","36",,,45,35,15,"2,3",0,0,0,0,40,21,100,100,0,"2,3","1,0",100,35,5,1,200,1,1,,,"Swordsmen are the most basic and balanced unit in most armies. They can fight well in most situation and can hold their lines well enough. Truly the Jack of all trade of all units that are safest to pick in unknown situations. But of course, jacks of all trade lack specialities that make them stand out in a specific situation. If you by some means manage to learn the enemy composition from in and out, it will be better to employed troops that are more specialised or you can still pick Swordsmen if you like well-balanced units."
3,"Swordsmasters",0,5,1,"34,35","43,48",,,70,80,25,"2,5",0,0,0,0,75,21,120,130,0,"2,5","1,0",125,70,7,1,10,1,1,,,"Swordmasters are the finest master who dedicates their entire lives to the way of the sword. The rumour is that each of them can easily defeat 10 opponents at once with a single stoke. Regardless of whether the rumour is true or not, there is no denying that these Swordmasters can not only fight against a much larger force, they can defeat a monster or even a giant. But being so few in number, they are vulnerable to magic or pinpoint range attack."
4,"Sword Saints",0,5,1,"35,37,59","61,95",,,65,60,40,"2,5",0,0,0,0,70,21,120,130,20,"2,6","1,0",140,85,7,1,6,1,1,,,"Sword Saints are the greatest exemplar of all fighters in the realm under the heaven. Not only exceptional fighters but also extraordinary leaders who inspire all those that follow them. Additionally, they can also use magic to boost their fighting capability, which makes them extremely versatile in almost every scenario. Even though they are well-versed in melee combat, it may be better to place them in the centre of the battalion so they can keep boosting the morale of nearby squads for the entire battle."
5,"Footmen",0,2,1,"0","36",,,40,50,20,"2,4",0,0,0,0,30,21,100,100,0,"2,3","1,0",100,40,,1,150,1,1,,,"Footmen are professional soldiers who served as the core of the well-trained army. With better training than common Swordsmen, they possess much higher melee combat proficiency along with greater discipline. Choosing them as frontline units is never the wrong choice but do expect some difficulty when facing against charging cavalry battalion."
6,"Desert Swordsmen",0,1,1,"0","36",,,45,35,15,"27,3",0,0,0,0,50,21,100,100,0,"2,3","1,0",100,35,,1,200,1,1,,,"Desert is no place for armours used in other regions. Due to the extreme heat, Desert Swordsmen are equipped with hardened leather armours and desert clothing such as the turban and loose cloth to protect against the heat and desert winds. This makes Desert Swordsmen a variant of swordsmen that are specialised in desert warfare that sacrifice armour for more heat resistance and movement speed. "
7,"Mirage Sword Warriors",0,1,1,"131","36",,,50,30,30,"15,4",0,0,0,0,60,21,100,100,0,"2,4","1,0",100,45,,1,100,1,1,,,"The worst desert folktale comes true. When the City of Mirage decide that you are a threat they will send an army of Mirage Sword Warriors to annihilate your very home. Even though, they lack decent armours, their mirage trickery can fool the enemies' eyes which make them extremely hard to hit. They are also much faster than common Swordsmen of the same grade, so try to use heavy units to hold them down and flank them with another melee units."
8,"Band of Brotherhood",0,10,1,"24,93","36",,,50,30,20,"10,4",0,0,0,0,60,21,100,110,0,"2,3","1,0",110,70,,1,50,1,1,,,"Band of Brotherhood is a group of mercenary led by General Ogiyus that travel across the continent for employment in war. Anyone that can pay a quite steep price will be ensured of getting the ""finest"" infantry in the land (According to the general himself). All in all, they are one of the biggest and most infamous mercenary band out there and their ability does match their reputation. Though their combat capability is not that much higher than common light sword infantry units, they have confidently excellent morale and discipline, along with better armour and charge power."
9,"Slaves",0,0,1,"163",,,,12,6,0,"14,1",0,0,0,0,20,19,100,70,0,"7,1","1,0",70,15,7,1,250,1,1,,,"Slavery often has a complex relationship with warfare in many cultures including the real-world historical societies. Slave labours either from war prisoners or criminals were often forced into battle as cheap meatshields for the main troop or as desperate measure. As good as any other malnourished worker slaves and with absurdly poor equipment, they are not that fitted for combat against any well-armed foes. Their morale is also extremely low so they will run the first chance they get. "
10,"Slave Warriors",0,0,1,"0",,,,28,26,0,"3,1",0,0,0,0,37,21,100,100,0,"4,2","1,0",95,15,5,1,150,1,1,,,"Slaves are not only useful for forced labours. In some cultures, there are actually slaves trained for combat and warfare with even promising opportunity to rise the rank of the social hierarchy if they manage to display extraordinary feats. A good example of this would be Janissaries of the Ottoman empire that consist mostly of enslaved Christians. However, the example is in somewhat rare cases, most Slave Warriors are usually of lower quality due to their quality of life and existed mostly to enlarge the troop number.  "
11,"Slave Gladiators",0,1,1,"0",,,,45,55,5,"3,2",0,0,0,0,50,21,100,110,0,"4,3","1,0",100,20,5,1,100,1,1,,,"Gladiators are martial athletes of the ancient world. The most famous example and of course the unit's name origin is the Gladiators of the Roman Empire. Similar to other kinds of athlete, Gladiators use martial ability to entertain the spectators. Although Gladiators can volunteer, some are forced to be a gladiator by slavery in order to earn their ""promised"" freedom. And since martial ability can be used in warfare, Slave Gladiators can be employed to fight for the nation's demands as well. "
12,"Yalak Chosens",0,7,1,"56,148",,,,70,20,0,"10,4",0,0,0,0,59,4,100,115,0,"2,3","1,0",100,35,5,1,20,1,1,,,"These Yalak Chosens were war prisoners that are bought to be trained as slave warrior to the Martial deity, ""Yalak the Almighty"". The priests of Coduikewq then ""educate"" them to become terrifying and fierce warriors that devote their entire life to the teaching of Mokudun, ""Only Will of Battle"". Only a few selected can become the chosen and the rest are discarded. Donned in specially made buffalo leather armours and iron khopeshes, their only weakness is the lack of shield to block missile attack."
13,"Gosunma Servants",0,1,1,"96",,,,66,50,30,"4,3",0,0,0,0,60,1,105,115,0,"2,3","1,0",,65,6,1,80,1,1,,,"The Servants of Gosunma are ""slaves"" by their wills. They dedicate their whole life following the bidding of their master without a shred of disobedience. For the words of Gosunma, ""The Legal Masters"", are absolute. Although classified as ""Slave"", Servants of Gosunma are extremely well trained in the art of combat and devoted to their masters. they can decently hold up in the frontline with their steel bucklers and swords. They are also good shock units that can charge from both the front and flank positions."
14,"Mob",0,0,1,"3,163","0",,,18,12,0,"15,3",20,30,3,1,5,19,100,80,0,"7,2",,80,15,4,1,300,1,1,,,"Mob groups may often be seen as easy targets in warfare. But when it comes to rebellion, a group of peasants is often the bane of tyrants. Although a bit better equipped than slaves and have better morale, mobs are still not well-versed in combat as common soldiers due to the lack of training. Their only advantage is huge troop number and low cost so their main tactic is to swarm the enemies from all sides."
15,"Tribespeople",0,0,1,"0","0",,,26,15,0,"20,3",25,30,5,1,8,19,100,90,0,"4,2",,85,10,5,1,200,1,1,,,"A mob of tribe people is much more well-versed in combat than city-dwelling people due to the strength requires to survive in an uncivilised world. With a hunting tool in hands, they will pull any haughty blue-blooded noble down from their throne and flatten the wall of stone to the last piece. All in all, a mob of untrained peasants can still no way match with the better-trained soldiers, so use them wisely. "
16,"Citizen Mobs",0,0,1,"163","0",,,11,9,0,"15,4",20,30,1,1,3,19,100,60,0,"7,3","1,0",75,20,3,1,300,1,1,,,"Citizens usually live lavishly in the city with less demand for physical activity to survive in the harsh nature. With the lack of tools that can be a substitute as a decent weapon, Citizen mobs are even less capable of combat than other types of mobs but are somewhat more discipline than country bumpkins due to a more organised and less free lifestyle."
17,"Swashbucklers",0,2,1,"93","42",,,51,44,12,"3,3",0,0,0,0,40,21,100,110,0,"14,","1,0",100,30,5,1,40,1,1,,,
18,"Gemmius Sicsalus",0,4,1,"93,140","42,68",,,67,60,15,"21,5",0,0,0,0,41,21,100,110,0,"2,4","1,0",110,40,5,1,30,1,1,,,
19,"Amlagances",0,5,1,"43,93","44,65,97",,,61,81,15,"3,3",0,0,0,0,40,21,100,110,0,"2,4","1,0",110,20,4,1,10,1,1,,,
20,"Duelists",0,2,1,"13","62",,,60,58,0,"21,4",0,0,0,0,47,21,100,105,0,"2,4","1,0",100,55,6,1,30,1,1,,,"Duelists are fighters that train in martial arts to perfection. They test out their martial proficiency by performing duel with other duelists to improve their skills even further. As their lives involve around combat activities, this also makes them somewhat suitable for battle. But because duelling is not really a common pastime activity, it is quite difficult to employ Duelists in large number for the entire army."
21,"Gladiators",0,1,1,"13,148,149","62",,,58,55,5,"28,3",0,0,0,0,61,21,100,110,0,"4,3","1,0",100,25,5,1,50,1,1,,,"Arena! The place where real fighters fight for their lives and of course the entertainment of the viewers. Gladiators are warriors that can fight foe of any type or race. They have fought another gladiator, animal likes lions, a rare creature such as troll and even minotaur! They even have experience fighting in a group so this makes them truly fearsome addition to any army. There is one flaw however, Gladiators are unruly bunches with no experience in the art of warfare nor fighting along with other people different than themselves. "
22,"Fencers",0,2,1,"13,14","44,62",,,65,60,0,"21,3",0,0,0,0,32,21,100,110,0,"2,4","1,0",100,65,6,1,20,1,1,,,"The art of fencing is not about force, it is about form. Each movement must be precise and compact. As such, Fencers are extremely versatile units that are exceptional in both offence and defence. Although fencing is often considered to be an subset activity for nobles and full-time martial artists, this means that only a few manage to master this art enough to be used primarily in warfare."
,"Duel Masters",0,5,1,"13,14,24,35","62,95",,,70,85,0,"21,5",0,0,0,0,67,21,100,130,0,"2,5","1,0",130,70,7,1,10,1,1,,,"Very few people can live such a dangerous life long enough to be a master of it. Duel Masters are nothing short of the exceptions of the exceptional. They will never lose to anyone in a direct melee engagement and may even be able to hold out in an outnumbered fight. Obviously, being good in a duel does not make ones immune to damage. A lucky blow or arrow can still kill the master just like any mortal man. "
24,"Poliamascs",0,4,1,"13,24,87","62,95",,,74,66,0,"2,3",90,8,2,3,55,21,100,125,0,"2,4",,115,55,5,1,10,1,1,,,
25,"Avolinas's Hammers",0,8,1,"13,70","62,107",,,75,74,0,"10.4",0,0,0,0,75,21,130,130,0,"11,4","1,0",130,70,4,1,15,1,1,,,"The Hammers of Avolinas can not be stopped by force alone. With faith in mind and strength in hand, They carry on the final will of Avolinas, God of Dark Sun, to eliminate any impure being that will consume the world whole if left unconstrained. Their proficiency in martial arts allow them to engage in melee combat and come out victorious in almost every condition and foes, Don't put them in the same battalion as unit from other races though since their teaching also make them consider other races less pure than they are to promote group unity. "
26,"Tribal Warriors",0,0,1,"0",0,,,40,20,0,"20,3",0,0,0,0,40,21,100,100,0,"2,2","1,0",95,20,6,1,200,1,1,,,"The tribal people are no strangers to warfare. A minor conflict between neighbour tribes is not so different from a war between the two countries.  Wearing little to no armour and wielding primitive weapon due to the lack of technology and means of production, Tribal Warriors exercise their martial ability to the fullest to ensure their tribe's survival. "
27,"Desert Warriors",0,0,1,"0",0,,,40,20,0,"29,3",0,0,0,0,40,21,100,100,0,"2,2","1,0",95,20,6,1,200,1,1,,,"Desert is not a place the weak can survive. Only the strongest live on in this harsh sea of sand. Even more so for a small tribal community securing a precious oasis or fertile land near the river. Desert Warriors are a necessity that ensures not only the dominance but also the very survival of their family. As they are lightly armed and disorganised compare to other professional troops, they are unfit for organised warfare."
28,"Islandic Warriors",0,0,1,"191",0,,,45,15,0,"1,0",0,0,0,0,40,21,100,100,0,"2,2","1,0",95,20,7,1,150,1,1,,,
29,"Gamanja Warriors",0,1,1,"56,191",,,,40,30,0,"21,1",0,0,0,0,55,4,110,100,0,"2,2","1,0",110,10,6,1,140,1,1,,,"The people of Gamanja is one of the fiercest warriors you can find in any continent. Sailing across the Sunset sea with their serpent ship since the dawn of time, many shoreline villages and cities were raided by them indiscriminately. From Agintoarze to Utokuzs, Gamanja Warriors are a fearsome force and served as a cautionary tale the elder use to scare their children. "
30,"Kumarl Milgels",0,1,1,"47,200","58",,,55,0,0,"4,3",0,0,0,0,62,21,100,115,0,"2,2","1,0",110,35,4,1,120,1,1,,,
31,"Bigejta Tamuloa",0,0,1,,,,,34,37,15,,0,0,0,0,70,21,100,105,0,"2,2","1,0",120,10,5,1,100,1,1,,,
32,"Foot Knights",0,2,1,"0","36",,,50,50,51,"8,3",0,0,0,0,36,21,100,100,0,"2,3","1,0",100,45,2,1,50,1,1,,,"The ultimate infantry until the modernisation of weaponry, foot knights wear heavy plate armours that can withstand almost every medieval weapons in existence. In combat ground, foot knights stand so above most other infantries that the only way to win melee combat against them is to field foot knights of your own. Foot knights are not without weakness however, for example, it is extremely difficult to amass them in a huge number due to the extensive training requirement and huge cost for the armour."
33,"Golden Knights",0,4,1,,"36",,,62,71,61,"25,3",0,0,0,0,32,21,100,120,0,"2,4","1,0",120,65,2,1,30,1,1,,,"What metal can ever be more glorious and beautiful than gold? While not purely made of gold, Golden Knights' armours are made from the finest steel and plated with a layer of gold. Only the most distinguishable knights in the realm can earn the honour of joining the Golden Knight Rank. Just from their presence alone, they can exert a change in both allies and enemies' mind alike. Their combat capability also ensures that they are really the elite of the elites so best overwhelm them with a superior number since very few can match them one-on-one. "
34,"King's Companions",0,5,1,,"40,53",,,60,50,50,"8,3",0,0,0,0,35,21,100,120,0,"2,4","1,0",130,65,2,1,30,1,1,,,"Every leader in the battlefield needs a group of elite bodyguards to protect him in case of combat. This is even more so for the sovereign of a nation. King's Companions is a group of exceptionally selected warriors that swear an oath to protect the crown and its wearer with their lives. They themselves are heavily armed and possess a strong defensive ability. When picking a bodyguard unit for your commander consider this unit as one of the solid choices for infantry orient battalion. "
35,"Flower Protectors",0,2,1,"115","40,94",,,53,68,42,"26,4",0,0,0,0,40,8,100,100,0,"2,3","1,0",110,75,2,1,70,1,1,,,
36,"Pelmessos Sik Arlmerdans",0,6,1,"111","36,92",,,66,43,34,"8,4",0,0,0,0,50,3,115,130,0,"2,5","1,0",135,55,,1,40,1,1,,,
37,"Planeltas Champions",0,5,1,"35,43","36,104",,,61,60,71,"8,4",0,0,0,0,45,21,110,120,0,"2,5","1,0",120,70,,1,10,1,1,,,
38,"Heavy Swordsmen",0,1,1,"0","36",,,45,45,25,"5,3",0,0,0,0,26,8,100,100,0,"2,3","1,0",100,35,4,1,150,1,1,,,"Heavy Swordsmen, similar to its counterpart, Swordsmen, are the basic frontline units of many armies. With better-equipped armours such as chain mail to resist enemies' weapons and decent melee combat capability, they can hold up at the frontline for long enough for other units to perform flanking manoeuvre on the enemies. However, with less troop number, higher cost, and significantly slower speed than other lighter units, Heavy Swordsmen not the best choice for the purely offensive situations."
39,"Heavy Desert Swordsmen",0,1,1,"0","36",,,45,45,25,"31,3",0,0,0,0,30,8,100,100,0,"2,3","1,0",100,35,5,1,150,1,1,,,"Although most heavy armour designs are unsuitable for desert warfare,  mail hauberk and other chainmail variances are a few exceptions. With additional desert clothing underneath, Heavy Desert Swordsmen are well prepared to survive both the blazing heat and the bloody battle to come."
40,"Legionaries",0,2,1,"0",37,,,40,55,35,"18,4",0,0,0,0,20,21,100,100,0,"2,3","1,0",100,55,4,1,150,1,1,,,
41,"Cramiel Sulamans",0,5,1,"40,93","36",,,72,76,60,"7,5",0,0,0,0,34,21,100,120,0,"2,4","1,0",130,80,5,1,50,1,1,,,
42,"Spearmen",0,1,1,,"33",,,40,25,0,"2,3",0,0,0,0,44,21,100,100,0,"6,3","1,0",100,35,5,1,200,1,1,,,"Spearmen are the foundation of most armies since ancient time. Using the oldest hunting tool for war, spearmen dominate the battlefield for thousands of year. Spear is very easy to train and use as its main attack is simply thrusting the pointy tip at the enemy. It also has the advantage of being long for a melee weapon, which makes it a better choice against charging enemy. The only weaknesses are that spearmen do not have a shield and are less effective in melee combat than other melee weapons."
43,"Spearmasters",0,5,1,"34","34,43,49",,,76,64,25,"2,5",0,0,0,0,88,21,120,130,0,"6,5","1,0",125,85,7,1,10,1,1,,,"Who can say the easiest weapon has no need to be mastered? These Spear Masters practice with their spears for decades and completely eliminate any weakness spear normally has. They can fight against both infantry and cavalry units alike without fear of losing, unlike other weapon masters. More than offense, Spear Masters excel in defence against charge attack and can hold their place much longer than other spear units despite low number. They are still venerable to range attack though."
44,"Desert Spearmen",0,1,1,"82","33",,,40,25,0,"27,3",0,0,0,0,39,21,100,100,0,"6,3","1,0",100,35,5,1,200,1,1,,,"The presence of cavalry is no less in the field of desert sand. Desert Spearmen are the backbone of desert warfare in the face of camel charge. Similar to other desert infantry units, Desert Spearmen wear light armour and desert cloth to guard against the extreme heat. Their skill in spearmanship is no different from its counterpart making them one of foundation in almost every desert army."
45,"Gionirlamals",0,2,1,"12,23","33",,,,,,,0,0,0,0,,,,,,"6,3","1,0",,45,,1,100,1,1,,,
46,"Mirage Spearwarriors",0,1,1,"131","33",,,,,,"15,4",0,0,0,0,,,,,,"6,4","1,0",,45,,1,100,1,1,,,
47,"Pikemen",0,1,1,,"54",,,55,6,0,"2,3",0,0,0,0,34,17,100,100,0,"16,3","1,0",100,40,,1,200,1,1,,,"Pike is the obvious answer to the dominance of shock cavalry. They can't hurt us if they can't even reach us without dying first right? A pike wall can completely halt and even annihilate any unit that dares to charge at their front. Do consider that Pikemen cannot form a pike wall formation while running around, this makes them somewhat a poor offensive unit. Moreover, they are completely vulnerable to the range and rear attack even more than other melee infantry units."
48,"Highland Pikemen",0,1,1,"192","54",,,55,10,0,"4,3",0,0,0,0,36,17,100,110,0,"16,3","1,0",110,25,,1,150,1,1,,,
49,"Mresna Phalanxes",0,2,1,"32","54",,,65,29,5,"12,3",0,0,0,0,50,17,100,100,0,"16,3","1,0",100,60,,1,150,1,1,,,
50,"Dilkmerg Warriors",0,0,1,"58","54",,,50,0,0,"27,3",0,0,0,0,45,21,100,120,0,"16,3","1,0",120,30,,1,100,1,1,,,
51,"High Hill Guards",0,2,1,"115,192","54",,,60,22,0,"4,4",0,0,0,0,30,17,100,110,0,"16,3","1,0",125,70,,1,150,1,1,,,"Hill is one of the best terrains for a defensive tactic. It is no wonder that weapon with long reach such as pike is commonly used by highland people. High Hill Guards are specially trained pikemen in highland warfare against the lowland invaders. No cavalry or even infantry will be able to charge through these guards unscratched uphill. Their defensive capability is not supported by heavy armoury however, so avoid positioning them in the vulnerable area from missile attack."
52,"Heavy Spearmen",0,1,1,,"33",,,40,30,0,"5,3",0,0,0,0,29,21,,,,"6,3","1,0",100,40,,1,150,1,1,,,"As Spearmen usually have trouble holding a shield, the best way for them to survive combat is to wear good armour. Heavy Spearmen somewhat eliminate the main weakness of spear weapon by allowing them to take more punishment from both melee and range hits. Nevertheless, they still are not that great in the long-term combat against other melee infantry units. So only consider employing them if the enemy employs a large number of shock troop or cavalry units."
53,"Heavy Desert Spearmen",0,1,1,,"33",,,40,,,"11,3",,,,,,,,,,"6,3","1,0",,40,,1,150,1,1,,,
54,"Nakta Singmorns",0,4,1,"49","33,111",,,,,,,,,,,,,,,,,,,50,,1,,1,1,,,"Nakta Singmorns Engrielse Tarlados. This is the phase that every person in Kalarnkel know by heart for their appreciation to the protectors of their family, country and pride. Nakta Singmorns is the elite spear warriors that many times protect Kalarnkel, the largest frontier city in Aardarn, from the centaur, orc, and even elven invaders since the time of foundation by the first settler."
55,"Garssia Doroses",0,2,1,"11,23","33",,,,,,,,,,,,,,,,,,,35,,1,,1,1,,,
56,"Heavy Pikemen",0,1,1,,"54",,,,,,,,,,,,,,,,,,100,45,,1,150,1,1,,,"With the lack of defensive capability of a pike, the only way pikemen can avoid any damage is to wear armour. Heavy Pikemen is the obvious solution to the problem. Now with better combat effectiveness in melee combat and resistance against arrows, Heavy Pikemen are proven to be superior defensive frontline units. "
57,"Highguards",0,1,1,"81,103,115","54",,,,,,,,,,,,,,,,,,,60,,1,100,1,1,,,
58,"Meryl Winneels",0,2,1,,"54",,,,,,,,,,,,,,,,,,,55,,1,100,1,1,,,
59,"Estriaerl Minarars",0,2,1,"12,22","54",,,,,,,,,,,,,,,,,,,70,,1,100,1,1,,,
60,"Shield Bearers",0,1,1,,"40",,,24,70,80,"10,3",0,0,0,0,10,20,100,100,,,,110,63,,1,30,1,1,,,"It may be strange for one to not carry a weapon in warfare but only shield to protect the others, Shieldbearers are still one of the best units for defensive purpose. With a massive shield, they can block enemies' missile attacks with ease, which allows them to become an ultimate meatshield for other units. They are incapable of dealing any serious damage to the enemy in melee combat though, so do not expect them to win any major engagement by themselves."
61,"Lord's Shields",0,3,1,"45","39,53",,,32,77,80,"5,4",0,0,0,0,14,20,100,115,,,,,71,,1,20,1,1,,,
62,"Protectors of Alardell",0,2,1,"45,58","38",,,27,86,85,"26,5",0,0,0,0,,20,,,,,,,75,,1,15,1,1,,,"The Tower of Alardell holds the secret to military mastery that any competent warlord dreams of getting hold of. After many invasions throughout its history, Protectors of Alardell never once lost to the invaders even against an adversary with an overwhelming number. Such knowledge may best be left unknown after all when even an army could not pass through the first gate. Who knows what terror lies beyond. "
63,"Greatwall Defenders",0,2,1,"45","40",,,30,80,80,"7,3",0,0,0,0,22,20,,,,,,,80,,1,40,1,1,,,
64,"Knowledge Protectors",0,4,1,"35,45","39",,,20,90,90,"6,4",0,0,0,0,8,20,,,,,,,80,,1,10,1,1,,,
65,"Macemen",0,1,1,"0","36",,,41,48,15,"2,3",0,0,0,0,45,21,100,100,0,"8,3","1,0",100,35,,1,200,1,1,,,"Macemen are not a common sight in the battlefield until the invent of heavy plate armour. Equipped with either Winged Maces or Morning Stars, Macemen are best suited against heavy infantry units due to its high armour penetration. Aside from this superb advantage, they are still no less effective than other melee infantry units, which makes them a strong choice in most situations."
66,"Macemasters",0,5,1,"34,35",,,,65,65,25,"2,5",0,0,0,0,70,21,120,,0,"8,5","1,0",130,85,,1,10,1,1,,,"Even a brute weapon such as mace can be used elegantly. Macemasters are the banes of all knights on the battlefield with their crushing and precise blows that no armour can resist. If only they exist in large number, the vile existence of heavy knight would be obsolete as soon as it got invented and existed only as an inconsequential point in the history of warfare."
67,"Desert Macemen",0,1,1,"82","36",,,41,50,15,"27,3",0,0,0,0,50,21,100,,0,"8,3","1,0",100,35,,1,200,1,1,,,"Mace is not often seen in desert warfare due to the lack of heavy armour in this hellish heat. Only until the arrival of the western knights and their plate armours that mace becomes a necessity in the battle for the sea of sand. Still wearing desert cloths similar to Desert Swordmen, Desert Macemen are the expected adaptation to the invasion of new foes while still retain the advantage of terrain and climate for desert dwellers."
68,"Sarnghadis",0,2,1,,,,,,,,,0,0,0,0,,,,,0,"8,3","1,0",115,45,,1,100,1,1,,,
69,"Lutang Facebashers",0,4,1,"56",,,,,,,,0,0,0,0,,,,,0,"8,4","1,0",120,15,,1,120,1,1,,,
70,"Billmen",0,1,1,"22","34",,,49,25,0,"2,3",0,0,0,0,22,21,100,100,,"15,3","1,0",100,35,5,1,100,1,1,,,"Bill or Billhook is a polearm weapon originated from a cutting tool of the same name. Although also existed in a smaller form, Pole Bill was a popular weapon in the European middle age that share similar purpose as halberd and other glaive type weapons. Effective for both long-range piercing and slashing manoeuvres, while being lightweight makes Billhook much more flexible and easier to adapt than other polearms. As a result, Billmen is positively versatile polearm unit that exudes almost no apparent weakness."
71,"Masendor Guards",0,1,1,"22","34",,,52,25,0,"2,3",0,0,0,0,20,21,100,110,,"15,3","1,0",100,40,4,1,150,1,1,,,
72,"Bournliedels",0,10,1,"22","34",,,53,20,0,"3,4",0,0,0,0,35,21,100,100,,"15,3","1,0",130,40,5,1,200,1,1,,,
73,"Axemen",0,1,1,,"36",,,49,28,15,"2,3",0,0,0,0,47,21,100,100,,"13,3","1,0",100,35,,1,200,1,1,,,"Axe is one of the very first cutting tools that existed since the stone age. Simple to create and use, yet capable of producing powerful blow from it monstrous momentum. Axemen is no surprise a common sight in armies throughout history and the world. Fortunately, their amazing offensive performance does outshine their slightly poorer defence, which means that they can be employed for both offensive and defensive purposes."
74,"Shield Breakers",0,2,1,,,,,60,30,15,"3,3",0,0,0,0,70,21,100,,,"13,3","1,0",110,50,,1,150,1,1,,,
75,"Axemasters",0,5,1,"123","36",,,75,50,20,"2,5",0,0,0,0,80,,120,,,"13,5","1,0",125,85,,1,10,1,1,,,"Although considered to a less romantic weapon than a sword and even less than a mace, axe still has its appeal (mostly in brute strength) enough for people to practice it until achieving complete mastery. Who need other weapons in hands when an axe cleave through anyone standing discriminately. With the combination of preciseness and pure brute force, Axemasters truly have no equal. Well except for a charging heavy cavalry unit perhaps. "
76,"Delpiborhs",0,1,1,,,,,60,60,35,"10,3",0,0,0,0,,21,,,,"13,3","1,0",100,55,,1,150,1,1,,,
77,"Bodibars",0,2,1,,,,,,,,,,,,,67,,,,,"13,3","1,0",,50,,1,150,1,1,,,
78,"Kunbann Woodbreakers",0,10,1,"56,149",,,,70,19,0,,0,0,0,0,75,1,,,,"13,4","1,0",100,25,,1,100,1,1,,,
79,"Cultists",0,7,1,"3",,,,54,10,0,"16,3",0,0,0,0,55,21,100,95,0,"4,3",,105,65,4,1,100,1,1,,,"There is nothing worse than facing a group of cultists in battle. They keep chanting incomprehensible words and keep fighting without fear of dying. Whatever dark god they worship, it is for certain that they are up to no good. Good news is they usually wear robes or light armours at best so they are easy targets for range attack, which means we can kill them without having to hear their annoying chant too! It is almost like killing two birds with one stone."
80,"Zealots",0,8,1,"298",,,,60,10,0,"16,4",0,0,0,0,75,1,100,110,13,"4,3",,115,80,4,1,50,1,1,,,"Well, this is even worse than Cultists, these zealots are so far gone that there can be no reasoning with them. Whatever fault heresy they believe, it is true in their hearts and they are more than willing to sacrifice themselves for it. Well no point talking where there is killing to do. For the words of our lord is the only truth and we should believe in him in our hearts. "
81,"Maiga Jijasses",0,7,1,"58,79,87,298",,,,66,15,10,"16,3",0,0,0,0,83,,100,105,7,"10,3",,130,80,3,1,50,1,1,,,"Unconvinced by the word of Najjari, the Lord of Question. Maiga Jijasses are a group of Pilistist Cultists that decide to follow the teaching of the Prophet of Shame who invent the Practice of Matter. Intensive training every day allows Maiga Jijasses to possess stunning endurance and martial ability. Their way of life is also now without question and will never falter to the manipulation of the mind."
82,"Nalan Worshippers",0,8,1,"210,212,298","131,158",,,58,28,5,"16,4",0,0,0,0,80,,100,110,27,"4,3",,125,65,2,1,50,1,1,,,
83,"Royal Guards",0,4,1,"115","39",,,50,80,40,"71",0,0,0,0,21,21,100,100,0,"2,4","1,0",110,60,,1,50,1,1,,"Healing Potion,Bandage","Only the best that prove themselves can become Royal Guards. The sovereign requires the finest protection the country can offer, as the leader is the country itself after all. Equipped with the highest quality armours and weapons, Royal Guards served as the absolute layer of protection. It will take an overwhelming number or prowess to subdue them."
84,"Palace Guards",0,4,1,"115","39",,,65,60,0,"69",0,0,0,0,21,21,100,100,0,"15,4","1,0",110,65,,1,50,1,1,,,"The place where the rulers reside in always requires the maximum security from both enemy soldiers and assassins. Palace Guards are elite troops equipped with a halberd and heavy armours. Trained to fight in both the narrow corridor and open space, Palace Guards can dispatch any foes efficiently in any situation. They are also no less than any other elite troops on the battlefield."
85,"Jeweled Guards",0,4,1,"115","39",,,56,75,34,"76",0,0,0,0,30,21,100,110,0,"2,4","1,0",120,75,,1,30,1,1,,"Healing Potion,Bandage",
86,"Milingrels",0,5,1,"111,115","38 ,111",,,64,91,50,"61",0,0,0,0,17,21,100,120,15,"2,4","1,0",125,82,,1,10,1,1,"Smoke Screen","Healing Scroll,Healing Potion,Speed Potion","Milingrels are elite knight squads that is assigned to protect royalty at all time from any danger including in battle. They will not break, they will not yield and they will never fail. They are equipped with multiple tools and can use some magic to fulfill those mission. The leader of this unit is bestowed with the title ""Royal Knight""."
87,"Heavy Axemen",0,1,1,,,,,,,,,,,,,,,,,,"13,3",,100,40,,1,150,1,1,,,"The ultimate heavy melee infantry unit. Heavy Axemen are extremely efficient in offensive shock tactic while still retain good defensive capability. A good set of armours allows Heavy Axemen to wreak havoc for much longer than the lighter Axemen. Yet still no match against cavalry though so match them up against other infantry units for the best result."
88,"Marain Suxor Welliors",0,,1,,,,,,,,,,,,,,,,,,,,,50,,1,,1,1,,,
89,"Avantafes",0,,1,"12",,,,,,,,,,,,,,,,,,,,65,,1,,1,1,,,
90,"Happy Executioners",0,2,1,"56,135",,,,,,,,,,,,,,,,,,,,35,,1,,1,1,,,"It is a common tradition and belief for people of Utyus that dying happy is the ultimate purpose of all life as spirits that die with regret usually linger and haunt other innocent people. And what emotion can be associate with happiness more than laughter? Utyusian people with their utmost generosity (and fear) also extend this tradition to their enemies and criminals. Happy Executioners usually force the victims during the execution to laugh (forcibly) before chopping their head off."
91,"Heavy Flailmen",0,1,1,,,,,53,35,15,"5,3",0,0,0,0,35,,,,,,,100,40,,1,150,1,1,,,
92,"Milana Dumoigs",0,1,1,,,,,,,,,,,,,,,,,,,,,65,,1,,1,1,,,
93,"Ladies Of Sentrors",0,2,1,"53",,,,,,,,,,,,,,,,,,,,75,,1,,1,1,,,
94,"Gilbei Niegralks",0,3,1,"54","128",,,,,,,,,,,,,,,,,,,70,,1,,1,1,,,
95,"Heavy Billmen",0,1,1,"22","34",,,54,27,0,"5,3",0,0,0,0,16,,100,100,,,,100,40,,1,100,1,1,,,
96,"Appointed Billguards",0,2,1,"22","34",,,66,34,0,"6,3",0,0,0,0,25,,100,110,,,,110,65,,1,,1,1,,,
97,"Flailmen",0,1,1,,"34",,,53,30,0,"2,3",0,0,0,0,40,,100,100,,,,100,35,,1,200,1,1,,,"Flail is simply a mace with its head detached from the handle and connected by a set of chains. But such simplicity in this difference does not equate to its usability. Flail requires much more training to just prevent users from injuring himself before even learn how to kill the enemy with it. Flailmen are much more capable in melee combat than most other units of the same tier."
98,"Flailmasters",0,5,1,"35,103",,,,76,60,10,"2,5",0,0,0,0,50,,,,,,,,85,,1,10,1,1,,,"A difficult to use weapon become the most dangerous tool in the hand of a master. Swift, Precise and lethal, Flailmasters can unpredictably swing their flail around so masterfully that even warriors with a large shield would have a hard time to avoid damage. Sadly, flail is not a popular choice of weapons even in the peak of the Medieval era compared to other weapons. This makes Flailmaster even more difficult to find and employed in battle than other weapon masters."
99,"Martyrs Of War",0,2,1,,,,,65,70,0,"17,3",0,0,0,0,65,,,,,,,,40,,1,100,1,1,,,
100,"Bodi Skullcrushers",0,1,1,"56,123",,,,70,40,0,"2,3",0,0,0,0,80,5,,,,,,,20,,1,70,1,1,,,
101,"Monk Warriors",0,8,1,"115,298","105",,,60,35,10,"17,3",0,0,0,0,30,1,100,130,0,,,120,75,7,1,50,1,1,,,"Religions may preach peace most of the time but there are times that even the most peaceful must take arms to smite the evils or at the very least to protect their faith. These Monk Warriors are trained in martial arts in an extremely strict environment that even most well-trained warriors wouldn't even dream of. Aside from the martial prowess, they also have the mind of steel that can endure in the direst situation without breaking. "
102,"Holy Fists",0,9,1,"34,115,298","43,105",,,73,50,10,"17,3",0,0,0,0,43,1,110,140,17,,,130,80,7,1,20,1,1,,,
103,"Sacred Robes",0,9,1,"68,115,298","105",,,68,45,30,"29,3",0,0,0,0,34,1,,130,38,,,130,85,7,1,15,1,1,,,
104,"Temple Guards",0,8,1,"24,115,298","94,105",,,65,60,5,"3,3",0,0,0,0,67,1,,,5,,,120,75,5,1,70,1,1,,,
105,"Halrasarms",0,9,1,"115,298","105,143",,,,,,"17,4",0,0,0,0,,1,,,,,,135,80,8,1,25,1,1,,,
106,"Tranquility Monks",0,9,1,"37,115,247,298","75,105",,,,,,"1,0",0,0,0,0,,1,,,,,,150,85,9,1,10,1,1,,,"Still, if the situation gets to the point that these peaceful people are out for your blood, it may be time to go into hiding before your head get chopped off by a group of monks as a punishment for your wrongdoing."
107,"Pigrims Of Kobandang",0,8,1,"115,298","90,105,193",,,,,,"17,4",0,0,0,0,,1,,,,,,135,70,7,1,35,1,1,,,
108,"Divine Champions",0,9,1,"27,111,115,298","105,136",,,,,,,,,,,,1,,,,,,145,85,5,1,10,1,1,,,
109,"Nun Warriors",0,8,1,"115,298",,,,53,42,8,"17,3",0,0,0,0,26,1,100,,,"31,3","1,0",120,90,7,1,50,1,1,,,
110,"Enlightened Nuns",0,9,1,"115,298","88",,,,,10,"17,3",0,0,0,0,35,1,100,,,"19,3","1,0",130,100,9,1,20,1,1,,,
111,"Pure Minds And Bodies",0,9,1,"115,248,298","61",,,,,,"1,0",0,0,0,0,22,1,120,,,"19,3","1,0",145,100,9,1,35,1,1,,,
112,"Baladoi Kilkoes",0,9,1,"115,298","195",,,,,,,0,0,0,0,,1,,,,"31,3","1,0",125,95,7,1,60,1,1,,,
113,"Nalan Preachers",0,9,1,"58,115,298","189,193",,,,,,,0,0,0,0,,1,,,,"31,3","1,0",115,90,6,1,,1,1,,,
114,"War Assassins",0,2,1,"33,232,304","44,196",,,68,40,10,"3,3",,,,,43,21,100,120,0,"3,3",,100,75,5,1,30,1,1,,,"A Country can be destroyed by the sudden death of a competent ruler. A battle can also be turned over in the same way. War Assassins are masters of stealth specialised in stalking the battlefield to assassinate the leader of an army. With superb melee combat ability, a flanking manoeuvre allows War Assassins to be the most fearsome and unforeseeable force. If detected unprepared, it is best to move this unit out of sight as it is not specialised for direct engagement."
115,"Hashshashin",0,2,1,"33,56,227,232,304","44,96,196",,,73,34,10,"27,3",,,,,64,,100,130,0,"3,3",,105,80,5,1,20,1,1,,,
116,"Golanggas",0,2,1,"33,56,194,232,304","44,196",,,,,,,,,,,,,,,2,"3,4",,110,80,4,1,15,1,1,,,
117,"Shadow Lawmakers",0,4,1,"14,56,33,232,304","44,196",,,,,,,,,,,,,,,0,"3,4",,135,95,4,1,10,1,1,,,
118,"Scouts",0,1,1,"190,225,308","160,196",,,32,35,3,"21,3",,,,,,21,100,115,0,,,100,50,8,1,10,1,1,,,"Intelligence is one of the key aspects of victory in warfare. Knowing the location, who is leading, and how many are the enemy troops can let one formulate a well-thought plan. Scouts are well-versed in the art of reconnaissance, skirmishing and ambushing. A battalion of Scouts leading the main army body is the basis of every capable leader's tactic. With extremely high survivability ability, the only real threat to Scouts is light cavalry units that are capable of catching up to their speed. "
119,"Mountaineer Scouts",0,1,1,"192,2308","160,196",,,31,35,3,"21,3",,,,,,21,,130,0,,,100,55,7,1,10,1,1,,,
120,"Border Patrols",0,1,1,"308","160",,,45,52,5,"3,3",60,80,3,60,,21,,115,0,,,100,65,7,1,30,1,1,,,"In the ancient time, the border existed not only to formalised the territory of a country but also served as a safety zone for people inside it. Border Patrols regularly safeguard against both hostile civilisations and beasts alike. More than just scouting, they are prepared to deal with the immediate threat with both melee and range arms as the first line of protection for the empire. "
121,"Giseras",0,1,1,"194,308","44,160",,,,,,,,,,,,21,,,0,,,105,,6,1,15,1,1,,,
122,"Lagoinu Watchers",0,1,1,"308","160,196",,,,,,,,,,,,21,,,0,,,100,,8,1,20,1,1,,,
123,"Foe Seekers",0,2,1,"236,305,307","160,196",,,,,,,,,,,,21,,,0,,,110,,9,1,10,1,1,,,
124,"Bandits",0,10,1,"3,112,225",,,,,,,"10,1",,40,8,10,29,21,100,105,0,,,90,20,6,1,200,1,1,,,"The pests of early civilisation that creeping in the area where the hand of law cannot reach. Bandits are a group of people that take up arms to rob, loot and raze village or even unguarded town for their survival. Using whatever equipments they can get, Bandits are versatile units that can be used in both skirmish and serious melee engagement.  Their looting ability also allows them to gain more resource from raiding."
125,"Free People",0,10,1,"3,112,222",,,,,,,"21,3",,30,5,20,33,21,100,100,0,,,90,25,6,1,150,1,1,,,"The Free People, in other words, those who do not follow the rule of law established by the tyranny of society. Even less organised than tribal people, Free People live in an unorganised society purely of communal benefit for survival in the harsh wild. And in the uncertain time, it is not uncommon for these Free People to turn to banditry on unsuspected traveller or merchant."
126,"Pirates",0,10,1,"112,191",,,,,,,"21,3",,0,0,0,25,21,100,110,0,,,90,20,7,1,100,1,1,,,"The outlaws of the high sea where the dream of treasure is always in reach. Interesting enough, history seems to suggest that pirate may not always be outlaws and often are employed as privateers by many empires such as the Barbary pirates, Vikings and of course Republic of Pirates (being privateers of their very own country). Living on the sea for the major part of their life allows Pirates to become a fearsome naval force and later on a legend that fascinates people of the future."
127,"Raiders",0,10,1,"112,113",,,,,,,"10,3",,60,2,40,47,21,100,110,0,,,95,15,5,1,150,1,1,,,
128,"Jukkaila Mountain Bandits",0,10,1,"48,112,113,192,223","139",,,,,,"5,3",,0,0,0,67,1,105,120,0,,,105,10,5,1,100,1,1,,,
129,"Raiders Of The Red Flag",0,10,1,"56,112,113,149,308",,,,,,,"10,4",,50,3,50,70,,105,115,0,,,105,35,4,1,100,1,1,,,
130,"City Guards",0,0,1,"93","33",,,,,,,,,,,,21,,,,,,100,,,1,150,1,1,,,"Law and order is the foundation of every society. Before the existence of modern police is the group of militia or volunteer that served as the City Guards that enforce the law, catch the criminals and any other menial tasks. Usually armed with polearms and light armour, they are less suited for an open field battle but more on urban combat."
131,"Flower Guards",0,2,1,"93",,,,,,,,,,,,,21,,,,,,,,,1,100,1,1,,,
132,"Medals Carriers",0,4,1,"93",,,,,,,,,,,,,,,,,,,,,,1,30,1,1,,,
133,"Peace Holders",0,3,1,"93",,,,,,,,,,,,,,,,,,,,,,1,50,1,1,,,"The goal of every society is to provide peace to its people. And peace cannot exist without order for chaos is in the heart of every human. Why share when you can steal? Why tolerate what you can eradicate? Peace Holders enforce the rule of law so society can flourish even in the direst of time. Equipped with heavier weaponry not only to fight off criminality but to crush any riot that can threaten the peace."
134,"Halberdiers",0,2,1,"22","34",,,64,20,0,"3,3",,,,,,,100,100,,,,100,,,1,100,1,1,,,
135,"Wardens",0,2,1,"22","34",,,61,25,0,"2,4",,,,,,,,,,,,,,,1,100,1,1,,,
136,"Landguards",0,1,1,"22","34",,,60,22,0,"2,3",,,,,,,,,,,,,,,1,200,1,1,,,
137,"Tiger Troops",0,2,1,"22","34",,,68,20,0,"11,3",,,,,,,,,,,,,,,1,150,1,1,,,
138,"Guardmen Of Sopust",0,1,1,"12,22","34",,,58,30,0,"2,3",,,,,,,,,,,,,,,1,200,1,1,,,
139,"Kubala Halbarses",0,5,1,"43","34",,,,,10,"2,4",,,,,,,,,,,,,,,1,100,1,1,,,
140,"Law Enforcers",0,3,1,"115,124","34",,,,,0,"3,3",,,,,,,,,,,,,,,1,80,1,1,,,
141,"Paladins",0,8,1,"54,100","161",,,,,,"6,3",,,,,,,,,,,,120,85,,1,40,1,1,"Blessing","Elixir",
142,"Crusader",0,8,1,"54,100,298","161",,,,,,"5,3",,,,,,,,,,,,,85,,1,40,1,1,"Blessing","Healing Potion","The holy warriors set out to reclaim the holy land. Crusaders follow what God tells them to do and believe his teaching in their heart. No infidel will escape from the wrath of righteous. Their devotion allows them to fight with fervour and fury that no common man can achieve. The path to heaven is only opened to those who are willing to cross pass it. "
143,"Templar",0,8,1,"54,100,298","161",,,,,,"5,3",,,,,,,,,,,,,90,,1,40,1,1,"Blessing","Healing Potion",
144,"War Clerics",0,9,1,"54,298","161",,,,,,,,,,,,,,,,,,,85,,1,20,1,1,"Blessing","Elixir",
145,"Holy Knights",0,9,1,"54,100,104,111","161",,,,,,"8,3",,,,,,,,,,,,,95,,1,40,1,1,,"Blessing Scroll",
146,"Ghartiewa's Guardians",0,9,1,"54,111,298","35,161",,,,,,,,,,,,,,,,,,,100,,1,15,1,1,,"Life Potion, ",
147,"Champion Of Light",0,9,1,"54,100,104,298","161",,,,,,,,,,,,,,,,,,,100,,1,5,1,1,,"Strength Potion",
148,"Hell Vanquisher",0,9,1,"54,100,174,298","136,161",,,,,,,,,,,,,,,,,,,95,,1,5,1,1,,"Strength Potion, Speed Potion, Stamina Potion",
149,"Houndmasters",0,1,1,,,,,,,,,,,,,,,,,,,,,,,1,,1,1,,,"The dog of war existed alongside the first of humanity since the age of stone. Faithful to their master, Houndmasters, these dogs will aggressively attack any people or beast regardless of size if the master command so. Swift and small in size, a trained dog served as an undeniably useful tool as a first charge to cause distraction in the enemy line before the main troops moving in for the kill.   "
150,"Beastmasters",0,2,1,,,,,,,,,,,,,,,,,,,,,,,1,,1,1,,,
151,"Tainted Sannaria Warriors",0,2,1,,,,,,,,,,,,,,,,,,,,,,,1,,1,1,,,
152,"Mikos Bhklui",0,3,1,,,,,,,,,,,,,,,,,,,,,,,1,,1,1,,,
153,"Painted Houndmasters",0,4,1,,,,,,,,,,,,,,,,,,,,,,,1,,1,1,,,
154,"Houndmasters Of Lueae",0,4,1,,,,,,,,,,,,,,,,,,,,,,,1,,1,1,,,
155,"Barbarians",0,0,1,"24",,,,,,0,,,,,,,1,,,,,,,20,,1,150,1,1,,,
156,"Highlanders",0,0,1,"24,192",,,,,,0,"4,3",,,,,,1,,,,,,,25,,1,150,1,1,,,
157,"Great Axe Warriors",0,1,1,"24",,,,,,0,,,,,,,1,,,,,,,,,1,,1,1,,,"Terror of battlefield carving through enemy lines with massive swings of their great axe. Great Axe Warriors are as the name suggested, the best shock infantry one can employ to crush the enemy infantry and completely break them in a single charge. For the best result, try to perform charging manoeuvre on the enemy's frontline with this unit instead of waiting for the enemy to come."
158,"Great Mountain Children",0,0,1,"24,192,265",,,,,,0,,,,,,,,,,,,,,20,,1,,1,1,,,
159,"Savage Defilers",0,1,1,"11,24,112,162",,,,,,0,,,,,,,4,,,,,,,,,1,,1,1,,,
160,"Swift Marauders",0,2,1,"24,112",,,,,,0,,,,,,,1,,,,,,,,,1,,1,1,,,
161,"Berserkers",0,1,1,"11,24",,,,,5,0,"4,3",0,0,0,0,,4,,,,,,,,,1,50,1,1,,,"Beyond anger lies chaos, a pure force of destruction that can only be stopped by a mortal blow. Berserkers with two axes in hands will obliterate anyone that stood in their path friends and foes alike. Going into berserk makes them lose control and will never surrender even in the face of death. If you want to avoid losing your troop against such overwhelming force, rain them down with arrows as Berserkers do not wear heavy armour nor shield."
162,"Naked Warriors",0,1,1,"11,24",,,,,5,0,"1,0",0,0,0,0,,4,,,,,,,,,1,,1,1,,,
163,"Aggressive Tranquils",0,3,1,"11,24",,,,,15,0,"17,3",0,0,0,0,,4,,,,,,,35,,1,,1,1,,,
164,"Stone Dwelling Banishers",0,2,1,"11,24",,,,,10,15,"4,3",0,0,0,0,,4,,,,,,,20,,1,,1,1,,"Juicy Meat",
165,"Greatswordsmen",0,1,1,"24",,,,,,,,,,,,,21,,,,,,,40,,1,100,1,1,,,"Unlike a normal sword, a greatsword is not a weapon that just anyone can use due to its massive size. Requiring two hands to wield, each greatsword swing is capable of cleaving through even steel armour. Greatswordsmen are amazingly powerful offensive shock infantry units that excel in both short and long term melee combat. However, being infantry with no shield requires them to avoid a long-range attack or be perished before even engaging the enemy."
166,"Zweihanders",0,2,1,"24","98",,,,,,,,,,,,21,,,,,,,45,,1,,1,1,,,
167,"Greatswords Of Tasadun",0,3,1,"11,24","48,58",,,,,,,,,,,,3,,,,,,,65,,1,,1,1,,,
168,"Sinkpako Jibes",0,3,1,"12,24,176","100,132,153",,,,,,,,,,,,21,,,,,,,50,,1,,1,1,,,
169,"Qistiaz Zailarorns",0,5,1,"11,24,34","53,178",,,,,,,,,,,,3,,,,,,,65,,1,,1,1,,,
170,"Glaive Warriors",0,2,1,"24","49",,,,,,,,,,,,21,,,,,,,40,,1,100,1,1,,,
171,"Great Glaive Warriors",0,2,1,"24","49",,,,,,,,,,,,21,,,,,,,40,,1,,1,1,,,
172,"Dragon Warriors",0,5,1,"24,56","49",,,,,,,,,,,,21,,,,,,,55,,1,,1,1,,,
173,"Sanlamaan's Blades",0,4,1,"11,24","54",,,,,,,,,,,,21,,,,,,,65,,1,,1,1,,,
174,"Zogi Zanguas",0,4,1,"24","49,151",,,,,,,,,,,,21,,,,,,,60,,1,,1,1,,,
175,"Gayarln Masked Barodories",0,4,1,"24,35,56","64,181",,,,,,,,,,,,21,,,,,,,80,,1,,1,1,,,"These masked armoured glaive wielding nun warriors are nothing but terrifying sight to behold. Fortunately, they only take part in a battle only if they consider their temple to be in danger. The lord Gayarta once said: ""No one but Barodory can be the master of this gate (The gate to middle celestial order)"""
176,"Hammer Warriors",0,1,1,"0",,,,,,,,,,,,,21,,,,,,,40,,1,150,1,1,,,
177,"Great Hammer Warriors",0,2,1,,"123",,,,,,,,,,,,21,,,,,,,40,,1,,1,1,,,
178,"Instruments Of War",0,2,1,,"134",,,,,,,,,,,,21,,,,,,,65,,1,,1,1,,,
179,"Shaairebriels",0,4,1,,"94",,,,,,"81",,,,,,20,,,,,,,25,,1,,1,1,,,
180,"Archers",1,1,1,,"82",,,13,22,0,"21,3",45,150,40,5,5,19,100,100,0,"5,3","25,3",100,35,6,1,200,2,1,,,"In ancient time, archery is everything. It is survival, it is tradition, it is honour and it is victory. Archery allows human more chance to survive in a dangerous hunt than the other primitive hunting tool due to its long-range. Often time society creates a tradition for practising archery since childhood as its mastery is extremely difficult to achieve. Unsurprisingly, the most efficient tool to hunt animals become the most efficient tool to kill another human in warfare. Capable of loosing arrows with short bows, archers are superb additions in any army."
181,"Foot Archers",1,1,1,,"82",,,19,29,0,"2,3",45,150,45,5,10,19,100,105,0,"4,3","25,3",100,35,5,1,200,2,1,,,"Often times, archers do not equip heavy armours or heavy melee weapon in battle because there are no such needs for them. It is the duty of melee infantries to protect them from such a threat. But in a few exceptional scenarios, archers may need to be prepared for melee engagement. If the situation requires it, these Foot Archers are more prepared for such demand and may even survive after the bloodbath.  "
182,"Steppe Light Bows",1,0,1,,"82",,,14,24,0,"20,3",50,160,46,4,4,19,100,110,0,"4,3","25,3",100,30,7,1,150,2,1,,,"Even more so than the society on fertile land and forest, steppe people rely heavily on bow and arrow for their survival. A tradition that both man and woman usually practice since childhood, Steppe Light Bows are light range infantry that processes better archery skill than common archers. But being skilled in archery does not equate to skill in warfare, which means that Steppe Light Bows are slightly less disciplined and willing to fight."
183,"Shortbow Archers",1,1,1,,"78,82",,,12,22,0,"21,3",43,120,50,4,5,19,100,100,0,"4,3","25,3",100,35,6,1,200,2,1,,,"Although lacking the stopping power of the heavier bow, shortbow makes up for the glaring weakness with superb drawing speed. Shortbow Archers are capable of swiftly raining volley of arrows that can botch the sky. As such, Shortbow Archers are superior to other range units when one's tactic is to quickly dispatch the enemy as soon as possible. But beware that such a tactic will exhaust the ammunition rapidly."
184,"Noble Archers",1,11,1,,"82",,,19,35,0,"5,3",55,150,50,4,25,19,100,105,0,"3,4","25,4",110,45,5,1,50,2,1,,,"It is not uncommon for nobles to pick up archery as their way of combat in a society where chivalry concept is less prominent. With superior wealth and training, Noble Archers carry better quality bow and armour into battle and skillfully shoot down the enemy. They also equipped themselves with meaningful melee sidearms in case the enemy manages to penetrate through the lowly melee troops in the frontline."
185,"Huludtees",1,1,1,,"82",,,36,42,0,"2,3",45,180,45,4,6,19,100,,0,,"25,3",100,50,5,1,100,2,1,,,"Huludtees or the Steppe Hawks are professional hunters from Cagizns tribal in the Great Plain of Batuk. Competing against Amuud centaur tribe for hunting territory in the hunting game, Butulle, yearly, Huludtees are no less than the lifeline of the tribe. Now with the undead threat looming again, they will be an essential force in a war of emigration."
186,"Flying arrow of Meln",1,2,1,,"41,82",,,10,15,0,"15,3",50,180,50,2,2,19,100,,0,,"25,3",110,55,7,1,180,2,1,,,
187,"Mollittian Archers",1,1,1,"112","61,82",,,25,24,5,"21,3",40,170,40,3,12,19,100,,0,,"25,3",110,50,6,1,80,2,1,,,
188,"Radalliel Gondels",1,11,1,,"82,87",,,14,28,5,"2,3",65,175,60,3,16,19,100,,0,,"25,4",115,60,5,1,60,2,1,,,
189,"Light Crossbowmen",1,1,1,"0","0",,,12,21,0,"21,3",45,110,45,9,5,19,100,100,0,"4,3","27,3",100,50,6,1,200,2,1,,,"Carrying a lighter version of the crossbow, Light Crossbowmen served as a skirmish infantry rather than a ranged damage dealer, unlike its heavier counterpart. With superior movement speed but somewhat inferior killing force, this unit is best used to flank the enemy and rain death from their rear."
190,"Crossbowmen",1,1,1,,,,,11,18,0,"3,3",,110,35,9,7,19,100,100,0,"4,3","27,3",100,50,5,1,150,2,1,,,"A group of peasants or militias trained to use a crossbow for a week can already accomplish what archers need to learn for a year. Although not really well-trained, their reload speed is much slower than archers and their bow. But once loaded, a volley of steel bolts can destroy even a group of heaviest knights. As long as it hit the target that is."
191,"Gettiles",1,1,1,,,,,30,32,16,"2,3",,110,30,8,,19,100,,0,,"27,3",,,5,1,130,2,1,,,
192,"Gemmius Sicsalus",1,2,1,,"41",,,,,,,,115,40,7,,19,100,,0,,"27,3",,,6,1,70,2,1,,,
193,"Songes ",1,1,1,"194,225","44",,,10,13,0,"21,3",,120,30,8,,19,100,,0,,"27,4",,,8,1,30,2,1,,,"Songes is a group of rangers wielding light crossbow that patrol the Forest of Estaliart as most of the monsters that dwell in that forest have thick skin enough to resist the arrow from a bow. Although consist of mostly volunteer and conscript, these rangers are experienced enough to travel through most forest unhindered. "
194,"Longbowmen",1,1,1,,"82",,,7,17,0,"21,3",60,200,45,7,3,19,100,110,0,"5,3","24,3",100,60,7,1,100,2,1,,,"Similar to how Vaqueros was popularised and become widely known in the form of American Cowboy, so does the Longbowman by the English. Believed to be originated from Wales, Longbowmen are the dominant long-range infantry forces in British Isle since the beginning of the Medieval era. Capable of firing more powerful and further shots, only fools underestimate what Longbowmen can achieve in the battlefield. "
195,"Greatbowmen",1,2,1,,"82",,,4,12,0,"21,3",60,250,40,9,1,19,100,110,0,"5,3","26,3",100,65,7,1,80,2,1,,,
196,"Greatbows Of Kobala",1,4,1,"74,305","82,101",,,5,11,5,"15,3",65,255,50,9,6,19,100,125,0,"5,3","26,5",,77,8,1,30,2,1,,,
197,"Barlisia",1,1,1,"74,224","82,196",,,,19,2,"21,3",65,250,50,8,12,19,100,115,0,"5,3","26,3",,80,7,1,60,2,1,,,
198,"Sogellel Itina",1,4,1,"19,74,241","82",,,,10,4,"13",60,240,30,6,4,19,100,105,0,"5,3","24,4",,70,7,1,60,2,1,,,
199,"Mulugar Practitioners",1,3,1,"13,19,111","45,83",,,14,36,35,"12",90,280,25,5,,19,100,130,0,"5,3","24,4",,85,6,1,40,2,1,,,
200,"Heavy Crossbowmen",1,1,1,"0",,,,8,14,0,"21,3",45,130,35,12,8,17,100,100,0,"4,3","28,3",100,55,4,1,150,2,1,,,"The invention of the crossbow also sparks for the invention of even heavier armour to resist its penetration power. Heavy Crossbowmen wield such heavy crossbow that requires a specialised tool to helps with the reloading process. The payoff, however, is tremendous as a shot from these crossbows is surely capable of killing any knight that a lighter crossbow incapable of accomplishing."
201,"Arbalesters",1,1,1,,,,,3,10,0,"21,3",50,160,30,16,2,17,100,120,0,"4,3","30,3",100,60,5,1,100,2,1,,,
202,"Armoured Crossbowmen",1,1,1,,,,,15,21,0,"10,3",45,150,30,12,5,17,100,115,0,"4,3","28,3",100,55,4,1,150,2,1,,,"It is a fact that a crossbow is much less effective when shooting in an arc degree (similar to a gun). This means that often time Crossbowmen are required to be in the frontline to shoot at the enemy, which pose a risk of exposure to melee combat. Armoured Crossbowmen who armed themselves in heavier armours and weaponry can serve in both roles."
203,"Knightslayers",1,2,1,,,,,9,28,0,"21,3",60,150,30,14,,17,100,125,0,"4,3","30,4",105,60,5,1,80,2,1,,,"Very few can claim to be the killer of knights for that would mean they are the strongest force in the old world. But with a heavy crossbow in hands, a group of well-trained troops will discharge message of death to anyone who dares be in the front of such force. And thus the pyramid of society change once again."
204,"Pavise Crossbowmen",1,1,1,,"46",,,5,5,50,"2,3",45,150,30,13,,17,100,110,0,"4,3","28,3",100,60,5,1,150,2,1,,,"As reloading does not require the shooter to keep looking at the enemy, it is almost an obvious solution to put a shield on one's back and simply turn body backwards and use the shield to protect against incoming arrows while reloading the crossbow. In the trade-off between two ranged infantry units, Pavise Crossbowmen usually are the one that will come out on top."
205,"Adrianlow Company",1,10,1,"3","41,46",,,15,13,62,"2,3",50,150,30,13,,17,100,,0,"4,4","30,4",120,70,5,1,70,2,1,,,
206,"Migais",1,2,1,"74","45",,,6,12,0,"3,3",65,155,35,13,,17,100,,0,"4,3","28,3",110,65,5,1,40,2,1,,,
207,"Dragon Slayers",1,4,1,"25,58,74,83","45",,,4,13,17,"11,3",70,170,30,17,,17,100,,10,"5,3","30,5",115,80,7,1,20,2,1,,,"To be a killer of greatest creature in the world is the highest glory one can possibly get. The Dragon Slayers are the most well trained and equiped groups to accomplish just that."
208,"Slingers",1,1,1,,"0",,,12,25,0,"15,3",,130,60,3,,19,100,105,0,"5,3","20,3",100,50,7,1,200,2,1,,,"Who would expect a piece of stone can be so devastating even for those in armour? Sling remain one of the most effective way to kill enemies in skirmish battle even today ."
209,"Zolunz Mikezs",1,1,1,,"44",,,,,,,,,,3,,19,100,,0,"5,3","20,3",,,7,1,150,2,1,,,
210,"Malorn Patrols",1,2,1,"194,307",,,,20,44,,,,,,2,,19,100,,0,"5,3","20,3",,,7,1,100,2,1,,,"Patrols of Malorn mountain paths use slingshot as their main weapon due to the abundance of small rock."
211,"Magic Archers",1,2,1,,"86",,,16,30,,"3,3",,200,60,9,,19,100,100,16,,"24,4",,80,7,1,50,2,1,,,
212,"Roya Magic Archers",1,11,1,"19","86",,,21,40,0,"5,3",60,200,50,8,30,19,100,105,,,"24,5",,85,5,1,20,2,1,,,
213,"White Chartars",1,2,1,,"86",,,,,,,,,,11,,19,100,100,28,,"24,5",,95,7,1,30,2,1,,,
214,"Laigaras",1,3,1,,"86",,,,,,,,,,11,,19,100,100,24,,"24,5",,90,7,1,10,2,1,,,
215,"Dalinars Kilans",1,11,1,"19,39","86",,,33,50,5,"10,3",60,160,50,10,30,19,100,,,,"24,5",,85,5,1,10,2,1,,,
216,"Snipers",1,2,1,"74,236","101,196",,,10,20,15,"15,3",80,230,25,12,,19,100,110,0,"5,3","24,4",100,75,9,1,20,2,1,,,
217,"Bowmasters",1,5,1,"74,236","101",,,15,30,31,"3,5",90,240,25,7,,19,100,130,0,"5,4","24,5",125,100,10,1,10,2,1,,,
218,"Chosen Eyes",1,3,1,"74,236","101,196",,,8,20,22,"3,4",85,270,25,10,,19,100,115,0,"5,3","24,5",110,90,10,1,10,2,1,,,
219,"Gelvos Snipers",1,4,1,"74,236","101,196",,,44,43,20,"2,5",80,250,20,10,,19,100,,0,"5,3","24,5",,75,9,1,15,2,1,,,
220,"Swift And Steady Bows",1,4,1,"74,194,236","41,45,101,196",,,8,15,17,"15,4",75,250,25,8,,19,100,,0,"5,3","24,4",,80,9,1,10,2,1,,,
221,"Celbesnos Bandits",1,10,1,"74,112,236","101,196",,,24,29,20,"15,2",80,240,15,11,,19,100,,0,"4,3","25,3",110,50,8,1,20,2,1,,,
222,"Rangers",1,1,1,"194,225","196",,,16,25,10,"15,3",60,150,30,4,17,21,100,120,0,,"25,3",100,65,8,1,20,2,1,,,
223,"Hunters",1,1,1,"190,194,225","196",,,10,24,7,"15,3",60,150,25,4,12,21,100,120,0,,"25,3",100,65,8,1,20,2,1,,,
224,"Night Hunters",1,1,1,"194,225,235","196",,,18,30,5,"15,3",65,150,25,4,10,21,100,120,0,,"25,3",100,70,8,1,15,2,1,,,"The children of the night can not be revealed by the mere light of the moon. In the mystery of the dark there lies the Night Hunters. No sleeping animal is safe from the sight of Night Hunters nor the sleeping soldier with the ability to loose arrow no less accurate than during the day. Such proficiency comes at the cost of extensive training and not many can accomplish such feat. "
225,"Black Forest Rangers",1,5,1,"190,194,225,308","196",,,35,40,6,"21,3",75,170,25,3,20,21,100,150,0,,"25,3",130,80,8,1,10,2,1,,,
226,"Tellas Huntmen",1,1,1,"194,225","196",,,22,28,8,"21,3",60,160,25,3,14,21,100,130,0,,"25,3",110,70,9,1,20,2,1,,,
227,"Nehel Followers",1,1,1,"90,194,225","196",,,48,45,10,"1,0",65,160,30,4,32,21,100,130,0,,"25,4",120,50,8,1,15,2,1,,,
228,"Light Horsemen",0,1,1,,"0",,,50,28,15,"3,3",0,0,0,0,30,21,100,200,0,,,,,,,50,5,2,,,"Light Horsemen are superb scouting and harassing cavalry units due to extremely high movement speed. Very few can catch up to Light Horsemen speed but their effectiveness existed only for those purposes. In the hand of a capable commander, they can create maximum chaos to the enemy army and allows other units to engage the enemy in more favourable terms."
229,"Night Riders",0,1,1,,"160",,,,,,"3,3",0,0,0,0,33,21,100,200,0,,,,,,,,5,2,,,
230,"Steppe Horsemen",0,1,1,,"0",,,,,,"20,3",0,0,0,0,30,21,100,220,0,,,,,,,,5,2,,,
231,"Bandit Riders",0,10,1,,,,,,,,,,,,,,,,,,,,,,,,,,2,,,
232,"Calandels",0,2,1,,,,,,,,,,,,,,,,,,,,,,,,,5,2,,,
233,"Knights",0,2,1,,,,,55,20,0,"8,3",0,0,0,0,36,21,100,200,0,,,,,,,,,5,,,"For a warrior to become a knight is no easy task. Aside from talent, oftentimes fame, wealth and connection are required for a noble to grant any person a knight. Such title, however, comes with not only an honour but also support to uphold the finest equipment and training befit the title. Although knighthood is different in each country, the most shared concept of the knight is a heavily mounted warrior."
234,"Dark Knights",0,4,1,,,,,70,10,0,"8,4",0,0,0,0,50,21,,200,,,,,,,,,,5,,,"Nothing is more intimidating than a black-clad knight in combat. Dark Knights, the opposite of Divine Knights are renown warriors possessed by black magic and become cursed existence. The former name and honour forever lost, the only lingering remains are wrath and sorrow that can never be quench. With a gigantic black greatsword, Dark Knights unleash a cleaving blow that can cut even a horse in half."
235,"Divine Knights",0,4,1,,,,,55,40,0,"8,4",0,0,0,0,40,21,,200,,,,,,,,,,5,,,
236,"Chivalric Knights",0,3,1,,,,,60,20,10,"8,4",0,0,0,0,43,21,,200,,,,,,,,,,5,,,
237,"Royal Knights",0,3,1,,,,,50,35,30,"8,4",0,0,0,0,35,21,,200,,,,,,,,,,5,,,
238,"Lion Knights",0,5,1,,,,,,,,,0,0,0,0,45,,,,,,,,,,,,,5,,,
239,"Swan Knights",0,4,1,,,,,,,,,0,0,0,0,,,,,,,,,,,,,,5,,,
240,"Imperial Knights",0,4,1,,,,,,,,,0,0,0,0,,,,,,,,,,,,,,5,,,
241,"Men At Arms",0,,1,"3",,,,,,,,0,0,0,0,,,,,,,,,,,,,,5,,,"Men at Arms referred to many types of warriors in the middle age, but to put simply, they are a group of well-trained warriors serving an employer. Typically mounted and proficient in melee weaponry, they can charge through the enemy line with ease. As Men at Arms can come from different background, the skill standard in the unit often fluctuates when compare to Knights. "
242,"Avengers",0,,1,,,,,,,,,0,0,0,0,,,,,,,,,,,,,,5,,,
243,"Lion Guards",0,,1,,,,,,,,,0,0,0,0,,,,,,,,,,,,,,5,,,
244,"Salary's Dividers",0,,1,,,,,,,,,0,0,0,0,,,,,,,,,,,,,,5,,,
245,"Camel Knights",0,,1,,,,,,,,,0,0,0,0,,,,,,,,,,,,,,6,,,
246,"Camel Cataphracts",0,,1,,,,,,,,,0,0,0,0,,,,,,,,,,,,,,6,,,
247,"Magulai's Bodyguards",0,,1,,,,,,,,,0,0,0,0,,,,,,,,,,,,,,6,,,
248,"Baksae Sinjars",0,,1,,,,,,,,,0,0,0,0,,,,,,,,,,,,,,6,,,
249,"Kurian Hunwrs",0,,1,,,,,,,,,0,0,0,0,,,,,,,,,,,,,,6,,,
250,"Desert Conquerors",0,,1,,,,,,,,,0,0,0,0,,,,,,,,,,,,,,6,,,
251,"Heavy Horsemen",0,,1,,,,,,,,,0,0,0,0,,,,,,,,,,,,,,5,,,"It does not take long after the discovery of horse riding that civilisations begin to find its use in the matter of warfare. With superior speed come superior impact, Heavy Horsemen is the dawn of cavalry dominant in the battlefield. Equipped with heavy armour and weapon, they can overwhelm even a group of Spearmen in the right condition. Unsurprisingly though, the cost of equipment and horse maintenance is not cheap so only the wealthy nation can field an army of Heavy Horsemen in a battle."
252,"Cataphracts",0,,1,,,,,,,,,0,0,0,0,,,,,,,,,,,,,,5,,,
253,"Tiger Cavalries",0,,1,,,,,,,,,0,0,0,0,,,,,,,,,,,,,,5,,,
254,"Princess's Escorts",0,,1,,,,,,,,,0,0,0,0,,,,,,,,,,,,,,5,,,
255,"Malebels",0,,1,,,,,,,,,0,0,0,0,,,,,,,,,,,,,,5,,,
256,"Great Guards",0,,1,,,,,,,,,0,0,0,0,,,,,,,,,,,,,,5,,,
257,"Elephant Riders",0,,1,,,,,,,,,0,0,0,0,,,,,,,,,,,,,,4,,,"Elephants are no stranger to the battlefield than horses throughout the history of warfare. From North Africa to Asia, elephants are adapted as heavy cavalry units but also for the shock values for the enemy. With a massive body and surprisingly good swiftness, no soldier nor horseman can match against Elephant Riders in term of destruction. However, no training can defeat the scarediness of elephants that can make them out of control easily."
258,"Armoured Elephant Riders",0,,1,,,,,,,,,0,0,0,0,,,,,,,,,,,,,,7,,,
259,"Royal Palace Watchers",0,,1,,,,,,,,,0,0,0,0,,,,,,,,,,,,,,4,,,
260,"Lancers",0,,1,,,,,,,,,0,0,0,0,,,,,,,,,,,,,,2,,,"To win against another cavalry, simply bring a weapon that is longer than what the opponent will be using. Lancers are the solution to counter the dominance of cavalry by being the better offensive cavalry themselves. Bearing a long lance, Lancers' charge is much more devastating than other heavy cavalry units. However, they are much less effective in melee combat making them more suitable as shock cavalry rather than primary melee cavalry."
261,"Demi-Lancers",0,,1,,,,,,,,,0,0,0,0,,,,,,,,,,,,,,2,,,
262,"Paladins Of Lonier",0,,1,,,,,,,,,0,0,0,0,,,,,,,,,,,,,,2,,,
263,"Imperial Guards",0,,1,,,,,,,,,0,0,0,0,,,,,,,,,,,,,,2,,,
264,"Gastornis Knights",0,,1,,,,,,,,,0,0,0,0,,,,,,,,,,,,,,1,,,
265,"Armoured Winged Knights",0,,1,,,,,,,,,0,0,0,0,,,,,,,,,,,,,,1,,,
266,"Protectors Of Migrasn Church ",0,,1,,,,,,,,,0,0,0,0,,,,,,,,,,,,,,1,,,
267,"Jeweled Knights",0,,1,,,,,,,,,0,0,0,0,,,,,,,,,,,,,,1,,,
268,"Golden Wing Comfort Knights",0,,1,,,,,,,,,0,0,0,0,,,,,,,,,,,,,,1,,,
269,"Mounted Javelins",1,,1,,,,,,,,,,,,,,,,,,,,,,,,,,2,,,
270,"Camel Skirmishers",1,,1,,,,,,,,,,,,,,,,,,,,,,,,,,3,,,
271,"Adtaiyas",1,,1,,,,,,,,,,,,,,,,,,,,,,,,,,1,,,
272,"Bouligusses",1,,1,,,,,,,,,,,,,,,,,,,,,,,,,,1,,,
273,"Mounted Archers",1,1,1,"18",52,,,18,15,6,"21,3",45,140,30,5,22,21,100,200,0,"4,3","25,3",100,35,,1,50,4,2,,,"The conquerors of the old world. Unmatched in the flat plain even by the heavy knights who dominate the age-old battlefield. Mounted Archers are the first glimpse into the new era of warfare where speed decide the victor. Mounted Archers unequally excel in skirmish tactics. Very few units can match the speed of Mount Archers and can engage them in melee combat. When facing against such foes, bait them into unsuitable terrain that reduces their speed and decimate them before they can retreat."
274,"Camel Archers",1,,1,"18",,,,,,,,,,,,,,,,,"4,3","25,3",,,,,,4,3,,,"Similar to the people of the steppe, the desert people are also specialised in cavalry warfare. On the vast plain of sand, Camel Archers sprint across the battlefield while raining down arrows from a safe distance and waiting for the enemy to tire themselves out in the blazing heat. As camel is slightly slower than a horse, Camel Archers need extra awareness of charging enemy or they may get caught in unwanted combat."
275,"Steppe Horse Archers",1,,1,"18",52,,,,,,,,,,,,,,,,,,,,,,,4,2,,,
276,"Agrarian Horse Riders",1,,1,"18",52,,,,,,,,,,,,,,,,,,,,,,,4,2,,,
277,"Mersoks",0,,1,"18",52,,,,,,,,,,,,,,,,,,,,,,,4,2,,,
278,"Mounted Scouts",0,,1,,,,,,,,,,,,,,,,,,,,,,,,,,2,,,
279,"Swift Riders",0,,1,,,,,,,,,,,,,,,,,,,,,,,,,,2,,,
280,"Gastornis Scouts",0,,1,,,,,,,,,,,,,,,,,,,,,,,,,,1,,,"Gastornis is a flightless bird that is large and strong enough to carry a person weight and medium baggage with the speed of no inferior to a pony. Although Gastornis is already extinct in the real world, they are found abundance near the Red Forest ""Wqotmotyg"". They become a prided domesticated mount of Astedern people. Gastornis Scouts can traverse through forest effortlessly unlike horse cavalry."
281,"First Witnesses",,,1,,,,,,,,,,,,,,,,,,,,,,,,,,1,,,
282,"Camel Riders",,,1,,,,,,,,,,,,,,,,,,,,,,,,,,3,,,"Camel is a staple means of transportation in the desert land since ancient time. With superior adaptivity in high heat area, camel is an excellent replacement to a horse as a cavalry mount despite the somewhat slower speed. Additionally, camel also has a peculiar smell that horse dislike and render them less effective in battle this makes Camel Riders an effective cavalry and anti-cavalry unit at the same time. "
283,"White Sand Riders",,,1,,,,,,,,,,,,,,,,,,,,,,,,,,3,,,
284,"Gastornis Riders",,,1,,,,,,,,,,,,,,,,,,,,,,,,,,1,,,
285,"Winged Strikers",,,1,,,,,,,,,,,,,,,,,,,,,,,,,,1,,,
286,"Heavy Chariots",,,1,,,,,,,,,,,,,,,,,,,,,,,,,,9,,,
287,"War Chariots",,,1,,,,,,,,,,,,,,,,,,,,,,,,,,9,,,
288,"Holy Chariots",,,1,,,,,,,,,,,,,,,,,,,,,,,,,,9,,,
289,"War Bishops",,,1,,,,,,,,,,,,,,,,,,,,,,,,,,9,,,
290,"Bell Chariots",,,1,,,,,,,,,,,,,,,,,,,,,,,,,,9,,,
291,"Light Chariots",,,1,,,,,,,,,,,,,,,,,,,,,,,,,,8,,,
292,"Archer Chariots",,,1,,,,,,,,,,,,,,,,,,,,,,,,,,8,,,
293,"Mage Chariots",,,1,,,,,,,,,,,,,,,,,,,,,,,,,,8,,,
294,"Druid Chariots",,,1,,,,,,,,,,,,,,,,,,,,,,,,,,8,,,
295,"Mtudupo Kumpuks",,,1,,,,,,,,,,,,,,,,,,,,,,,,,,8,,,
296,"Mounted Crossbows",,,1,,,,,,,,,,,,,,,,,,,,,,,,,,2,,,
297,"Mounted Light Crossbows",,,1,,,,,,,,,,,,,,,,,,,,,,,,,,2,,,
298,"Falanemias Lilanoes",,,1,,,,,,,,,,,,,,,,,,,,,,,,,,2,,,
299,"Eagle Riders",,,1,,,,,,,,,,,,,,,,,,,,,,,,,,1,,,
300,"Windriders",,,1,,,,,,,,,,,,,,,,,,,,,,,,,,1,,,
301,"Soldinaere Wistiarns",,,1,,,,,,,,,,,,,,,,,,,,,,,,,,1,,,
302,"Wyvern Riders",,,1,,,,,,,,,,,,,,,,,,,,,,,,,,1,,,
303,"Wyvern Knights",,,1,,,,,,,,,,,,,,,,,,,,,,,,,,1,,,
304,"Eligael Toreqpeses",,,1,,,,,,,,,,,,,,,,,,,,,,,,,,1,,,
305,"Griffin Riders",,,1,,,,,,,,,,,,,,,,,,,,,,,,,,1,,,
306,"Great Sky Companions",,,1,,,,,,,,,,,,,,,,,,,,,,,,,,1,,,
307,"Pegasus Riders",,,1,,,,,,,,,,,,,,,,,,,,,,,,,,1,,,
308,"Latten Nosravisels",,,1,,,,,,,,,,,,,,,,,,,,,,,,,,1,,,
309,"Eagle Knights",,,1,,,,,,,,,,,,,,,,,,,,,,,,,,1,,,
310,"Griffin Knights",,,1,,,,,,,,,,,,,,,,,,,,,,,,,,1,,,
311,"Brown Wing Comfort Knights",,,1,,,,,,,,,,,,,,,,,,,,,,,,,,1,,,
312,"Pegasus Knights",,,1,,,,,,,,,,,,,,,,,,,,,,,,,,1,,,
313,"Great Horn Great Knights",,,1,,,,,,,,,,,,,,,,,,,,,,,,,,1,,,
314,"Javelin Skirmishers",21,1,1,,,,,,,,,,,,,,,,,,,,,50,,,200,,1,,,
315,"Peltasts",21,1,1,,,,,,,,,,,,,,,,,,,,,55,,,,,1,,,
316,"Royal Javelin Skirmishers",21,11,1,,"41",,,,,,,,,,,,,,,,,,,70,,,,,1,,,
317,"Light Runners",21,2,1,"14,87,194","44",,,,,,,,,,,,,,,,,,,60,,,,,1,,,
318,"First Reachers",21,3,1,"87,111,148",,,,,,,,,,,,,,,,,,,,60,,,,,1,,,
319,"Harpoon Strikers",21,1,1,,,,,,,,,,,,,,,,,,,,,70,,,,,1,,,
320,"Axe Throwers",22,1,1,,,,,,,,,,,,,,,,,,,,,50,,,150,,1,,,
321,"Barbarians Axe Throwers",22,1,1,,,,,,,,,,,,,,,,,,,,,,,,,,,,,
322,"Windcatchers",22,2,1,,,,,,,,,,,,,,,,,,,,,,,,,,,,,
323,"Axe Throwing Berserkers",22,1,1,,,,,,,,,,,,,,,,,,,,,,,,,,,,,
324,"Kajelkerls",22,2,1,,"41,105",,,,,,,,,,,,,,,,,,,,,,,,,,,
325,,,,1,,,,,,,,,,,,,,,,,,,,,,,,,,,,,
326,,,,1,,,,,,,,,,,,,,,,,,,,,,,,,,,,,
327,,,,1,,,,,,,,,,,,,,,,,,,,,,,,,,,,,
328,,,,1,,,,,,,,,,,,,,,,,,,,,,,,,,,,,
329,,,,1,,,,,,,,,,,,,,,,,,,,,,,,,,,,,
330,,,,1,,,,,,,,,,,,,,,,,,,,,,,,,,,,,
331,,,,1,,,,,,,,,,,,,,,,,,,,,,,,,,,,,
332,,,,1,,,,,,,,,,,,,,,,,,,,,,,,,,,,,
333,,,,1,,,,,,,,,,,,,,,,,,,,,,,,,,,,,
334,,,,1,,,,,,,,,,,,,,,,,,,,,,,,,,,,,
335,,,,1,,,,,,,,,,,,,,,,,,,,,,,,,,,,,
336,,,,1,,,,,,,,,,,,,,,,,,,,,,,,,,,,,
337,,,,1,,,,,,,,,,,,,,,,,,,,,,,,,,,,,
338,,,,1,,,,,,,,,,,,,,,,,,,,,,,,,,,,,
339,,,,1,,,,,,,,,,,,,,,,,,,,,,,,,,,,,
340,,,,1,,,,,,,,,,,,,,,,,,,,,,,,,,,,,
341,,,,1,,,,,,,,,,,,,,,,,,,,,,,,,,,,,
342,,,,1,,,,,,,,,,,,,,,,,,,,,,,,,,,,,
343,,,,1,,,,,,,,,,,,,,,,,,,,,,,,,,,,,
344,,,,,,,,,,,,,,,,,,,,,,,,,,,,,,,,,
345,,,,,,,,,,,,,,,,,,,,,,,,,,,,,,,,,
346,,,,,,,,,,,,,,,,,,,,,,,,,,,,,,,,,
347,,,,,,,,,,,,,,,,,,,,,,,,,,,,,,,,,
348,,,,,,,,,,,,,,,,,,,,,,,,,,,,,,,,,
349,,,,,,,,,,,,,,,,,,,,,,,,,,,,,,,,,
350,,,,,,,,,,,,,,,,,,,,,,,,,,,,,,,,,
351,,,,,,,,,,,,,,,,,,,,,,,,,,,,,,,,,
352,,,,,,,,,,,,,,,,,,,,,,,,,,,,,,,,,
353,,,,,,,,,,,,,,,,,,,,,,,,,,,,,,,,,
354,,,,,,,,,,,,,,,,,,,,,,,,,,,,,,,,,
355,,,,,,,,,,,,,,,,,,,,,,,,,,,,,,,,,
356,,,,,,,,,,,,,,,,,,,,,,,,,,,,,,,,,
357,,,,,,,,,,,,,,,,,,,,,,,,,,,,,,,,,
358,,,,,,,,,,,,,,,,,,,,,,,,,,,,,,,,,
359,,,,,,,,,,,,,,,,,,,,,,,,,,,,,,,,,
360,,,,,,,,,,,,,,,,,,,,,,,,,,,,,,,,,
361,,,,,,,,,,,,,,,,,,,,,,,,,,,,,,,,,
362,,,,,,,,,,,,,,,,,,,,,,,,,,,,,,,,,
363,,,,,,,,,,,,,,,,,,,,,,,,,,,,,,,,,
364,,,,,,,,,,,,,,,,,,,,,,,,,,,,,,,,,
365,,,,,,,,,,,,,,,,,,,,,,,,,,,,,,,,,
366,,,,,,,,,,,,,,,,,,,,,,,,,,,,,,,,,
367,,,,,,,,,,,,,,,,,,,,,,,,,,,,,,,,,
368,,,,,,,,,,,,,,,,,,,,,,,,,,,,,,,,,
369,,,,,,,,,,,,,,,,,,,,,,,,,,,,,,,,,
370,,,,,,,,,,,,,,,,,,,,,,,,,,,,,,,,,
371,,,,,,,,,,,,,,,,,,,,,,,,,,,,,,,,,
372,,,,,,,,,,,,,,,,,,,,,,,,,,,,,,,,,
373,,,,,,,,,,,,,,,,,,,,,,,,,,,,,,,,,
374,,,,,,,,,,,,,,,,,,,,,,,,,,,,,,,,,
375,,,,,,,,,,,,,,,,,,,,,,,,,,,,,,,,,
376,,,,,,,,,,,,,,,,,,,,,,,,,,,,,,,,,
377,,,,,,,,,,,,,,,,,,,,,,,,,,,,,,,,,
378,,,,,,,,,,,,,,,,,,,,,,,,,,,,,,,,,
379,,,,,,,,,,,,,,,,,,,,,,,,,,,,,,,,,
380,,,,,,,,,,,,,,,,,,,,,,,,,,,,,,,,,
381,,,,,,,,,,,,,,,,,,,,,,,,,,,,,,,,,
382,,,,,,,,,,,,,,,,,,,,,,,,,,,,,,,,,
383,,,,,,,,,,,,,,,,,,,,,,,,,,,,,,,,,
